record_id,farmer_id,crop_id,season_year,planted_area_hectares,yield_tonnes,disease_reported,fertilizer_kg,irrigation_used,harvest_date,status
1,1,4,2024,7.74,26.97,0,362.7,0,,Growing
2,1,4,2025,6.36,30.44,0,311.3,0,2025-10-19,Harvested
3,1,4,2026,7.29,31.46,0,465.1,0,2026-12-26,Harvested
4,2,10,2024,2.6,3.17,0,171.3,1,2024-10-05,Harvested
5,2,4,2025,1.38,4.14,0,62.6,1,2025-12-07,Harvested
6,2,1,2026,3.04,26.55,0,88.3,0,2026-08-18,Harvested
7,3,7,2024,6.06,38.1,0,219.7,0,,Growing
8,3,7,2025,4.56,37.02,0,304.7,0,2025-11-16,Harvested
9,3,7,2026,4.04,23.78,0,356.5,0,2026-09-23,Harvested
10,4,6,2024,7.8,18.35,0,598.3,1,2024-07-19,Harvested
11,4,6,2025,5.83,12.83,0,450.7,0,2025-09-23,Harvested
12,4,6,2026,9.13,13.82,0,719.6,1,2026-11-23,Harvested
13,5,2,2024,5.35,27.52,0,448.5,1,2024-08-02,Harvested
14,5,2,2025,7.06,39.1,0,619.1,1,,Failed
15,5,2,2026,9.55,75.11,0,708.0,1,2026-09-21,Harvested
16,6,9,2024,3.9,3.69,0,284.8,0,,Growing
17,6,9,2025,4.34,6.0,0,372.0,0,2025-10-26,Harvested
18,6,9,2026,4.39,6.35,0,359.9,0,2026-11-20,Harvested
19,7,6,2024,19.19,42.95,0,1157.4,0,2024-08-28,Harvested
20,7,6,2025,10.49,16.02,0,760.8,0,2025-12-06,Harvested
21,7,6,2026,11.28,21.41,0,423.6,0,2026-12-13,Harvested
22,8,9,2024,16.41,13.93,0,1457.4,0,2024-08-01,Harvested
23,8,2,2025,14.74,126.13,0,657.8,0,2025-07-09,Harvested
24,8,2,2026,22.98,90.46,1,1032.8,0,2026-11-23,Harvested
25,9,12,2024,5.58,15.35,0,219.0,1,2024-08-15,Harvested
26,9,3,2025,9.47,33.38,0,567.6,1,2025-08-25,Harvested
27,9,3,2026,10.65,36.96,0,753.4,1,2026-11-04,Harvested
28,10,9,2024,17.41,16.69,0,806.6,1,2024-07-22,Harvested
29,10,9,2025,17.95,20.6,1,977.8,1,2025-10-19,Harvested
30,10,9,2026,16.09,18.51,0,1256.1,1,2026-11-03,Harvested
31,11,4,2024,13.43,54.84,1,1151.6,0,2024-10-02,Harvested
32,11,4,2025,11.05,37.46,1,800.1,0,,Failed
33,11,4,2026,21.34,107.58,0,1057.1,0,2026-12-28,Harvested
34,12,6,2024,10.64,20.11,0,631.7,1,2024-08-27,Harvested
35,12,6,2025,5.21,9.89,0,310.4,1,,Growing
36,12,6,2026,8.0,15.62,0,258.7,0,,Growing
37,13,7,2024,25.11,124.18,0,964.1,0,2024-07-15,Harvested
38,13,7,2025,23.95,153.32,1,1225.0,0,2025-08-25,Harvested
39,13,1,2026,13.47,85.18,0,1139.1,0,2026-11-20,Harvested
40,14,6,2024,9.78,16.95,0,507.4,0,2024-11-19,Harvested
41,14,3,2025,14.42,67.23,0,1243.0,1,2025-11-11,Harvested
42,14,12,2026,11.82,31.04,0,480.6,1,2026-12-05,Harvested
43,15,1,2024,24.0,151.47,0,978.9,1,2024-12-03,Harvested
44,15,6,2025,14.16,22.33,0,974.0,1,2025-07-07,Harvested
45,15,10,2026,27.39,51.99,0,1277.5,1,,Failed
46,16,2,2024,5.26,49.7,0,295.2,1,2024-11-23,Harvested
47,16,2,2025,5.19,34.47,0,309.8,1,2025-09-12,Harvested
48,16,2,2026,3.74,19.03,1,297.6,0,,Growing
49,17,7,2024,12.6,75.27,0,528.6,1,,Growing
50,17,7,2025,12.65,70.16,1,1001.5,1,2025-12-22,Harvested
51,17,7,2026,17.02,150.79,0,935.3,1,2026-09-06,Harvested
52,18,11,2024,17.19,40.69,0,1536.3,0,,Failed
53,18,11,2025,21.64,38.51,1,609.2,0,2025-08-27,Harvested
54,18,11,2026,9.91,12.08,1,541.5,0,2026-12-22,Harvested
55,19,8,2024,7.93,29.95,1,206.9,1,2024-11-10,Harvested
56,19,2,2025,8.91,74.59,0,284.7,0,2025-08-08,Harvested
57,19,2,2026,7.08,47.54,0,348.7,1,2026-11-08,Harvested
58,20,4,2024,16.95,49.72,0,1516.3,0,2024-07-03,Harvested
59,20,9,2025,18.44,22.84,0,1303.4,0,2025-10-21,Harvested
60,20,10,2026,29.96,53.34,0,2539.0,0,2026-12-19,Harvested
61,21,3,2024,5.06,16.43,1,311.8,0,2024-09-01,Harvested
62,21,10,2025,5.85,10.59,0,260.1,0,2025-11-27,Harvested
63,21,11,2026,11.9,18.87,0,1062.1,1,2026-11-24,Harvested
64,22,1,2024,0.48,2.67,0,30.9,0,2024-11-13,Harvested
65,22,6,2025,0.43,0.96,0,24.5,0,2025-10-14,Harvested
66,22,8,2026,0.82,4.56,0,36.2,0,2026-07-03,Harvested
67,23,10,2024,19.17,27.45,0,928.7,1,2024-09-15,Harvested
68,23,10,2025,16.98,19.72,1,1036.8,1,2025-07-03,Harvested
69,23,10,2026,13.46,19.21,0,591.8,1,2026-07-24,Harvested
70,24,4,2024,3.42,8.87,1,152.4,1,2024-07-06,Harvested
71,24,3,2025,2.97,8.99,0,121.9,1,2025-11-20,Harvested
72,24,3,2026,2.04,6.06,0,133.2,0,,Growing
73,25,7,2024,18.6,162.62,0,1642.8,0,2024-09-20,Harvested
74,25,4,2025,21.53,62.7,1,984.9,0,2025-12-16,Harvested
75,25,4,2026,18.42,86.77,0,897.5,0,,Growing
76,26,8,2024,29.91,83.92,1,2161.6,1,,Failed
77,26,8,2025,26.13,163.49,0,2003.6,1,2025-08-21,Harvested
78,26,8,2026,15.82,58.38,1,857.3,1,2026-11-13,Harvested
79,27,1,2024,18.81,109.22,0,1654.3,1,2024-11-20,Harvested
80,27,1,2025,8.34,62.19,0,559.2,1,2025-12-22,Harvested
81,27,1,2026,19.35,119.3,0,607.8,1,2026-12-17,Harvested
82,28,4,2024,2.16,9.09,0,149.4,1,2024-08-12,Harvested
83,28,8,2025,1.17,4.21,0,100.8,0,2025-09-11,Harvested
84,28,4,2026,1.34,5.55,0,94.2,1,2026-09-02,Harvested
85,29,2,2024,8.57,73.21,0,732.3,1,2024-11-06,Harvested
86,29,5,2025,12.94,157.73,0,853.2,1,2025-12-14,Harvested
87,29,5,2026,18.69,183.23,0,472.7,1,2026-09-25,Harvested
88,30,4,2024,22.82,108.28,0,1366.9,0,2024-08-15,Harvested
89,30,4,2025,20.74,107.1,0,941.0,0,2025-10-19,Harvested
90,30,4,2026,15.47,48.96,0,1064.1,0,,Growing
91,31,10,2024,6.06,6.38,1,223.6,1,2024-11-13,Harvested
92,31,6,2025,6.54,13.11,0,458.3,1,2025-08-18,Harvested
93,31,6,2026,7.91,14.55,0,642.8,0,,Failed
94,32,12,2024,5.7,14.06,0,384.5,0,2024-10-14,Harvested
95,32,12,2025,7.53,14.53,1,577.8,0,2025-07-09,Harvested
96,32,12,2026,6.39,15.81,0,480.6,0,2026-11-04,Harvested
97,33,8,2024,2.73,13.31,0,202.5,0,,Growing
98,33,8,2025,2.57,14.46,0,105.6,1,,Growing
99,33,8,2026,2.71,17.11,0,88.4,1,,Growing
100,34,8,2024,22.49,131.19,0,1454.4,0,2024-11-05,Harvested
101,34,4,2025,23.65,96.29,0,1508.8,0,2025-12-10,Harvested
102,34,8,2026,14.49,89.93,0,1002.0,0,2026-10-02,Harvested
103,35,11,2024,14.46,23.13,0,1030.1,0,,Growing
104,35,11,2025,19.87,31.91,1,1307.6,0,2025-07-21,Harvested
105,35,2,2026,20.08,149.95,0,1647.1,0,2026-10-11,Harvested
106,36,8,2024,6.86,45.69,0,454.6,1,2024-07-26,Harvested
107,36,8,2025,3.78,16.56,0,298.0,1,2025-11-05,Harvested
108,36,8,2026,5.05,18.52,0,158.9,1,,Growing
109,37,7,2024,4.1,28.13,0,102.7,0,,Failed
110,37,7,2025,7.36,44.78,1,260.1,0,,Growing
111,37,7,2026,7.17,46.95,0,600.5,0,2026-10-21,Harvested
112,38,11,2024,19.46,45.07,0,487.9,1,2024-08-19,Harvested
113,38,11,2025,19.17,36.83,1,1710.5,1,2025-08-16,Harvested
114,38,11,2026,14.66,26.54,0,1206.0,1,2026-08-21,Harvested
115,39,3,2024,7.51,26.71,0,267.9,0,2024-08-21,Harvested
116,39,12,2025,17.33,39.66,0,678.0,0,,Growing
117,39,12,2026,8.14,17.52,0,430.7,0,,Growing
118,40,9,2024,23.74,28.79,0,1706.4,0,2024-12-01,Harvested
119,40,11,2025,28.21,57.22,0,1051.2,0,2025-12-02,Harvested
120,40,4,2026,20.84,64.84,1,1325.5,0,2026-07-12,Harvested
121,41,3,2024,12.24,38.66,0,740.7,0,2024-10-25,Harvested
122,41,2,2025,14.77,62.86,1,1255.0,0,,Failed
123,41,2,2026,10.98,85.34,0,576.8,0,2026-12-18,Harvested
124,42,4,2024,9.04,38.46,1,798.5,1,2024-09-13,Harvested
125,42,4,2025,16.54,62.73,0,883.8,1,,Failed
126,42,4,2026,10.17,46.93,0,290.6,1,2026-12-24,Harvested
127,43,10,2024,6.63,5.09,1,379.7,0,2024-11-26,Harvested
128,43,5,2025,8.35,72.86,1,354.6,0,,Growing
129,43,1,2026,10.22,78.84,0,430.2,0,,Failed
130,44,7,2024,3.25,16.65,0,262.8,0,2024-08-09,Harvested
131,44,10,2025,3.79,4.85,1,95.4,0,,Growing
132,44,7,2026,1.9,17.13,0,69.6,0,,Failed
133,45,1,2024,13.57,113.27,0,537.3,0,2024-12-11,Harvested
134,45,1,2025,6.47,49.24,0,541.1,0,2025-11-02,Harvested
135,45,2,2026,14.29,111.45,0,645.8,0,2026-10-01,Harvested
136,46,9,2024,5.07,6.65,0,206.7,0,2024-10-25,Harvested
137,46,12,2025,8.59,17.12,0,218.3,0,2025-08-18,Harvested
138,46,9,2026,8.24,12.07,0,206.8,0,2026-12-24,Harvested
139,47,3,2024,7.39,23.33,0,646.5,0,,Failed
140,47,3,2025,8.09,17.42,1,646.9,0,2025-09-15,Harvested
141,47,2,2026,10.91,78.84,0,552.4,0,2026-07-14,Harvested
142,48,1,2024,10.09,93.68,0,859.6,0,2024-12-11,Harvested
143,48,1,2025,12.08,58.16,1,914.4,0,2025-08-04,Harvested
144,48,1,2026,14.82,115.19,0,1299.7,0,2026-09-15,Harvested
145,49,2,2024,11.02,74.46,1,774.7,1,2024-09-05,Harvested
146,49,2,2025,13.03,104.05,0,546.1,1,,Failed
147,49,2,2026,15.47,93.55,0,851.4,1,,Growing
148,50,4,2024,8.65,45.03,0,289.7,0,,Growing
149,50,4,2025,17.64,74.04,0,737.8,0,,Growing
150,50,4,2026,9.41,36.2,0,314.0,0,,Growing
151,51,6,2024,9.48,11.61,0,806.4,0,2024-12-13,Harvested
152,51,2,2025,12.97,78.29,0,1090.0,0,2025-10-05,Harvested
153,51,2,2026,16.15,93.5,0,836.2,0,2026-07-03,Harvested
154,52,11,2024,14.83,28.64,0,978.8,0,,Growing
155,52,7,2025,28.1,214.14,0,2369.5,1,2025-10-09,Harvested
156,52,11,2026,18.57,41.49,0,535.0,0,,Failed
157,53,9,2024,0.67,0.57,0,45.4,0,2024-12-02,Harvested
158,53,4,2025,0.58,3.19,0,51.9,1,2025-08-19,Harvested
159,53,9,2026,0.66,0.92,0,31.6,1,2026-08-19,Harvested
160,54,8,2024,13.21,38.04,1,846.9,1,2024-10-01,Harvested
161,54,10,2025,14.05,17.22,0,1084.1,1,,Growing
162,54,10,2026,8.58,9.96,0,508.0,1,2026-07-12,Harvested
163,55,6,2024,5.79,9.49,0,512.0,1,2024-10-26,Harvested
164,55,6,2025,4.98,9.56,0,412.5,1,2025-09-08,Harvested
165,55,6,2026,6.5,10.45,0,237.6,1,2026-12-19,Harvested
166,56,7,2024,32.28,162.07,0,2070.9,0,,Growing
167,56,4,2025,25.02,77.68,1,1164.1,0,2025-09-11,Harvested
168,56,7,2026,30.05,189.04,1,1999.6,0,,Growing
169,57,7,2024,0.69,3.57,0,28.8,0,2024-07-02,Harvested
170,57,7,2025,1.07,9.48,0,61.0,0,2025-11-13,Harvested
171,57,7,2026,0.87,6.79,0,60.6,0,2026-07-26,Harvested
172,58,5,2024,2.17,15.47,0,102.5,0,,Growing
173,58,5,2025,2.37,29.31,0,111.3,0,,Failed
174,58,12,2026,2.21,4.14,0,183.1,0,2026-07-11,Harvested
175,59,4,2024,3.43,15.6,0,248.5,0,2024-09-10,Harvested
176,59,4,2025,2.81,13.62,0,98.3,0,2025-10-03,Harvested
177,59,4,2026,5.52,17.85,0,147.2,0,2026-09-03,Harvested
178,60,4,2024,0.55,2.96,0,23.2,1,2024-10-06,Harvested
179,60,4,2025,0.76,3.15,0,32.0,1,,Growing
180,60,4,2026,0.58,2.76,0,45.0,1,2026-11-08,Harvested
181,61,5,2024,10.77,97.06,0,644.1,0,,Growing
182,61,5,2025,11.08,77.27,0,927.2,0,2025-11-19,Harvested
183,61,10,2026,9.54,10.33,0,708.0,0,2026-08-07,Harvested
184,62,3,2024,2.5,7.23,1,95.3,0,,Growing
185,62,5,2025,4.71,51.16,0,364.9,0,2025-11-13,Harvested
186,62,5,2026,5.75,69.02,0,148.4,0,2026-11-17,Harvested
187,63,2,2024,7.44,40.73,1,552.8,0,,Growing
188,63,10,2025,10.16,17.84,0,835.2,0,,Growing
189,63,7,2026,9.23,64.64,0,334.1,0,2026-11-20,Harvested
190,64,7,2024,18.64,148.79,0,525.7,0,2024-09-12,Harvested
191,64,7,2025,26.5,202.84,0,1861.7,1,2025-08-05,Harvested
192,64,7,2026,25.11,221.14,0,1615.2,1,2026-10-07,Harvested
193,65,7,2024,19.23,168.79,0,1507.0,0,2024-08-03,Harvested
194,65,9,2025,15.83,17.2,1,1300.5,0,2025-08-27,Harvested
195,65,9,2026,9.31,5.93,1,450.8,0,2026-09-27,Harvested
196,66,11,2024,18.98,40.19,0,773.0,0,2024-10-06,Harvested
197,66,8,2025,22.66,84.76,0,1884.0,0,2025-12-03,Harvested
198,66,11,2026,18.78,29.1,1,1647.4,0,,Growing
199,67,11,2024,11.04,15.79,0,835.9,1,,Growing
200,67,11,2025,13.09,18.52,0,542.0,1,,Growing
201,67,11,2026,13.57,25.67,0,646.8,1,2026-10-10,Harvested
202,68,7,2024,19.8,153.47,0,1347.5,1,,Growing
203,68,7,2025,17.31,100.23,0,504.6,1,,Failed
204,68,7,2026,20.32,195.11,0,902.6,1,2026-08-02,Harvested
205,69,10,2024,11.49,12.38,0,658.7,1,2024-10-13,Harvested
206,69,7,2025,7.2,44.55,0,520.0,1,2025-11-21,Harvested
207,69,11,2026,10.96,24.73,0,671.7,1,2026-10-05,Harvested
208,70,10,2024,18.13,33.13,0,1513.4,0,2024-08-12,Harvested
209,70,10,2025,20.15,26.39,0,1270.7,0,2025-07-16,Harvested
210,70,10,2026,16.87,25.51,0,635.1,1,2026-12-13,Harvested
211,71,12,2024,3.8,12.78,0,179.6,1,,Failed
212,71,8,2025,2.77,10.45,0,129.1,1,,Failed
213,71,12,2026,2.44,7.34,0,152.4,1,2026-07-05,Harvested
214,72,4,2024,17.31,63.98,0,475.2,0,2024-09-01,Harvested
215,72,9,2025,11.01,11.41,0,771.6,1,2025-08-04,Harvested
216,72,4,2026,16.67,45.27,1,731.9,0,2026-11-17,Harvested
217,73,4,2024,30.41,109.28,0,2542.0,0,2024-08-06,Harvested
218,73,7,2025,12.45,115.87,0,482.2,0,2025-11-06,Harvested
219,73,4,2026,26.76,98.36,0,1782.8,0,,Growing
220,74,4,2024,17.86,72.77,1,502.5,1,2024-10-13,Harvested
221,74,4,2025,12.68,61.05,0,324.7,1,2025-07-22,Harvested
222,74,4,2026,18.29,98.66,0,1065.4,1,2026-09-04,Harvested
223,75,8,2024,12.84,66.83,0,489.3,1,2024-09-06,Harvested
224,75,2,2025,17.72,105.23,0,446.2,0,2025-07-27,Harvested
225,75,2,2026,17.69,92.95,0,1274.3,1,,Growing
226,76,4,2024,20.06,61.88,0,1561.8,1,,Growing
227,76,6,2025,26.72,36.72,0,1984.8,1,2025-08-22,Harvested
228,76,4,2026,17.59,59.91,0,1277.9,0,2026-09-06,Harvested
229,77,9,2024,12.42,17.16,0,867.5,0,2024-10-21,Harvested
230,77,3,2025,8.79,21.08,0,758.2,0,2025-10-19,Harvested
231,77,9,2026,14.55,17.75,0,1100.6,0,2026-12-27,Harvested
232,78,7,2024,25.8,182.45,0,2133.5,0,2024-07-09,Harvested
233,78,7,2025,10.42,75.41,0,764.2,0,2025-08-22,Harvested
234,78,9,2026,19.35,16.42,0,1316.0,0,2026-09-22,Harvested
235,79,4,2024,17.13,96.56,0,489.0,1,2024-08-17,Harvested
236,79,8,2025,25.7,86.01,1,2263.1,1,2025-08-18,Harvested
237,79,4,2026,17.45,89.5,0,944.5,1,,Growing
238,80,5,2024,6.6,68.77,0,209.0,0,2024-11-18,Harvested
239,80,5,2025,6.34,64.76,0,284.0,0,2025-08-21,Harvested
240,80,5,2026,14.43,98.49,0,569.8,0,2026-11-25,Harvested
241,81,9,2024,2.08,1.94,0,154.7,1,2024-09-12,Harvested
242,81,5,2025,2.23,28.61,0,127.1,1,,Growing
243,81,9,2026,1.95,1.83,0,156.8,1,2026-08-23,Harvested
244,82,2,2024,11.91,73.97,1,393.1,1,,Growing
245,82,2,2025,10.42,47.6,0,759.1,0,2025-10-27,Harvested
246,82,2,2026,13.4,99.91,0,486.2,0,,Growing
247,83,7,2024,10.38,65.64,0,854.2,0,2024-11-23,Harvested
248,83,5,2025,8.21,67.86,0,634.7,0,2025-11-23,Harvested
249,83,9,2026,7.38,10.33,0,526.0,0,,Growing
250,84,1,2024,15.54,115.09,0,1067.7,1,,Failed
251,84,1,2025,30.54,222.55,0,992.6,1,2025-10-19,Harvested
252,84,1,2026,24.77,247.15,0,1079.6,1,,Growing
253,85,9,2024,13.02,11.54,0,551.4,1,,Growing
254,85,11,2025,15.75,28.14,0,1165.2,1,2025-10-04,Harvested
255,85,10,2026,23.77,39.98,0,1195.1,1,2026-12-10,Harvested
256,86,7,2024,4.58,30.91,0,349.1,0,2024-11-02,Harvested
257,86,7,2025,6.06,50.84,0,494.2,0,,Growing
258,86,12,2026,9.39,23.55,0,685.5,0,2026-12-07,Harvested
259,87,3,2024,15.67,41.8,0,568.8,0,2024-10-02,Harvested
260,87,3,2025,23.48,64.13,1,976.2,0,2025-12-05,Harvested
261,87,3,2026,31.14,121.44,0,2044.3,0,,Growing
262,88,2,2024,18.68,151.76,0,1104.9,1,,Failed
263,88,2,2025,18.63,98.0,1,888.9,1,,Growing
264,88,2,2026,12.44,88.91,0,695.0,0,2026-12-01,Harvested
265,89,7,2024,6.57,63.92,0,268.4,1,2024-09-13,Harvested
266,89,2,2025,6.86,62.07,0,538.1,1,2025-11-15,Harvested
267,89,7,2026,6.22,35.24,0,194.3,1,,Failed
268,90,9,2024,10.38,11.69,1,843.1,1,2024-07-07,Harvested
269,90,5,2025,22.61,253.45,0,1946.4,1,2025-08-01,Harvested
270,90,5,2026,16.09,152.69,1,985.9,1,2026-08-09,Harvested
271,91,11,2024,1.17,2.23,0,38.2,1,2024-12-20,Harvested
272,91,11,2025,1.51,2.04,1,87.1,0,2025-12-10,Harvested
273,91,11,2026,0.98,2.42,0,26.5,1,2026-08-05,Harvested
274,92,10,2024,4.77,7.96,0,211.7,1,,Growing
275,92,12,2025,4.26,13.51,0,145.6,1,2025-11-20,Harvested
276,92,10,2026,3.91,5.41,1,282.2,1,2026-12-28,Harvested
277,93,12,2024,4.17,7.99,0,153.4,0,,Growing
278,93,9,2025,5.85,5.23,0,183.6,1,2025-10-11,Harvested
279,93,12,2026,7.03,13.13,0,264.2,1,2026-09-20,Harvested
280,94,10,2024,1.06,1.52,1,92.6,1,2024-09-08,Harvested
281,94,12,2025,1.1,2.01,0,79.9,0,,Growing
282,94,10,2026,0.79,0.97,0,50.9,1,,Growing
283,95,3,2024,18.52,70.66,0,1217.3,0,2024-07-28,Harvested
284,95,2,2025,7.72,48.26,0,489.1,0,,Growing
285,95,2,2026,14.15,92.44,0,1066.7,0,2026-08-25,Harvested
286,96,11,2024,18.33,21.75,1,891.8,1,2024-08-28,Harvested
287,96,10,2025,16.13,19.48,0,997.0,1,2025-08-24,Harvested
288,96,11,2026,19.38,25.76,1,817.5,1,2026-12-07,Harvested
289,97,11,2024,10.95,26.3,0,901.2,0,2024-12-11,Harvested
290,97,11,2025,12.36,20.12,0,905.1,0,2025-11-06,Harvested
291,97,11,2026,7.66,18.21,0,230.3,0,2026-08-17,Harvested
292,98,8,2024,3.48,19.59,0,287.7,0,2024-08-15,Harvested
293,98,8,2025,1.64,6.37,0,60.9,0,2025-12-27,Harvested
294,98,8,2026,2.02,10.93,0,113.7,0,2026-08-19,Harvested
295,99,12,2024,15.73,20.73,1,979.6,0,2024-12-17,Harvested
296,99,12,2025,12.83,20.14,1,470.9,0,,Failed
297,99,12,2026,12.73,26.85,1,865.8,0,2026-07-07,Harvested
298,100,5,2024,10.99,136.28,0,704.0,1,,Growing
299,100,3,2025,8.41,33.74,0,714.5,1,2025-07-08,Harvested
300,100,5,2026,4.99,50.26,1,346.7,1,,Growing
301,101,4,2024,12.05,51.11,0,988.7,0,2024-07-03,Harvested
302,101,4,2025,11.3,54.41,0,941.3,0,,Growing
303,101,4,2026,17.5,49.69,0,1040.2,0,2026-10-26,Harvested
304,102,6,2024,4.76,9.88,0,149.2,1,2024-10-25,Harvested
305,102,6,2025,5.86,9.44,0,218.5,0,2025-07-19,Harvested
306,102,6,2026,4.48,9.86,0,231.1,1,2026-10-21,Harvested
307,103,12,2024,15.64,38.66,0,1013.0,0,,Failed
308,103,12,2025,14.57,35.86,0,533.5,0,2025-10-09,Harvested
309,103,10,2026,17.18,28.13,0,1384.3,0,2026-12-08,Harvested
310,104,12,2024,11.17,16.96,1,570.1,0,2024-11-20,Harvested
311,104,12,2025,11.24,26.93,1,284.9,0,2025-08-16,Harvested
312,104,7,2026,5.85,38.28,0,377.8,0,2026-10-20,Harvested
313,105,8,2024,14.54,87.48,0,529.1,1,2024-07-07,Harvested
314,105,9,2025,14.53,14.09,1,582.1,1,2025-07-12,Harvested
315,105,8,2026,9.76,42.55,1,468.0,0,2026-11-07,Harvested
316,106,5,2024,18.54,128.18,1,1463.4,1,,Growing
317,106,5,2025,21.72,179.85,0,1855.6,1,2025-09-06,Harvested
318,106,5,2026,9.69,99.44,1,748.0,1,,Failed
319,107,10,2024,6.32,9.63,0,257.9,1,2024-10-22,Harvested
320,107,6,2025,8.87,9.29,1,587.1,1,,Failed
321,107,6,2026,6.17,10.66,0,158.1,0,,Growing
322,108,12,2024,2.9,5.04,0,248.1,0,2024-09-07,Harvested
323,108,5,2025,3.28,25.06,0,239.2,0,2025-08-28,Harvested
324,108,12,2026,3.48,7.51,0,263.2,0,2026-07-22,Harvested
325,109,8,2024,12.35,60.2,0,342.7,0,2024-11-11,Harvested
326,109,12,2025,16.19,47.41,0,921.2,0,,Failed
327,109,5,2026,10.13,73.64,0,599.4,0,2026-11-02,Harvested
328,110,4,2024,6.28,35.21,0,442.0,1,2024-12-01,Harvested
329,110,4,2025,5.11,23.59,0,214.0,1,2025-08-09,Harvested
330,110,4,2026,7.7,27.11,0,543.2,1,2026-10-09,Harvested
331,111,3,2024,6.9,25.64,0,537.7,0,2024-08-18,Harvested
332,111,3,2025,5.76,19.27,1,200.0,0,,Growing
333,111,3,2026,6.47,26.26,0,379.2,0,2026-10-10,Harvested
334,112,2,2024,26.48,102.56,1,943.1,0,2024-09-16,Harvested
335,112,2,2025,18.98,115.13,0,1165.8,0,,Growing
336,112,2,2026,11.08,70.81,1,970.6,0,2026-11-21,Harvested
337,113,3,2024,15.37,61.23,0,871.3,1,2024-07-13,Harvested
338,113,3,2025,21.24,76.89,0,1813.0,0,2025-11-19,Harvested
339,113,3,2026,30.23,74.7,1,2038.9,1,2026-11-21,Harvested
340,114,7,2024,15.42,140.31,0,1135.1,0,2024-10-14,Harvested
341,114,7,2025,15.07,69.71,1,623.3,0,2025-12-03,Harvested
342,114,7,2026,10.28,72.89,1,573.2,0,2026-10-17,Harvested
343,115,2,2024,1.42,12.98,0,71.5,1,2024-12-10,Harvested
344,115,5,2025,1.46,10.58,0,70.4,1,,Growing
345,115,8,2026,3.22,15.94,0,283.4,1,2026-08-19,Harvested
346,116,4,2024,19.86,86.85,0,1322.1,1,2024-09-16,Harvested
347,116,4,2025,22.7,82.98,0,1015.4,1,2025-08-12,Harvested
348,116,4,2026,18.29,91.53,0,813.4,1,,Growing
349,117,10,2024,5.4,5.52,1,279.5,0,2024-10-08,Harvested
350,117,7,2025,8.75,57.55,0,368.3,0,2025-08-17,Harvested
351,117,10,2026,9.21,11.34,0,675.0,0,,Growing
352,118,5,2024,20.07,223.72,0,1307.6,1,2024-11-16,Harvested
353,118,5,2025,8.42,54.02,1,266.5,1,2025-12-15,Harvested
354,118,5,2026,11.4,82.12,1,515.9,1,,Growing
355,119,8,2024,11.21,30.52,1,827.2,0,2024-09-25,Harvested
356,119,1,2025,9.86,93.66,0,406.8,0,2025-07-04,Harvested
357,119,12,2026,7.29,16.69,0,531.8,0,2026-10-24,Harvested
358,120,9,2024,18.66,19.78,0,1632.4,0,,Growing
359,120,5,2025,19.59,191.93,0,645.3,0,2025-09-07,Harvested
360,120,5,2026,9.49,117.1,0,382.8,0,2026-07-06,Harvested
361,121,10,2024,11.68,11.48,0,323.9,0,,Growing
362,121,5,2025,19.59,137.85,0,690.6,0,2025-11-11,Harvested
363,121,11,2026,10.69,15.87,0,639.9,0,2026-10-08,Harvested
364,122,4,2024,15.65,56.42,0,1298.4,0,2024-07-23,Harvested
365,122,4,2025,17.92,50.7,0,1271.1,0,2025-11-23,Harvested
366,122,4,2026,15.76,55.88,0,873.8,0,,Growing
367,123,5,2024,18.22,137.67,1,987.7,0,,Growing
368,123,5,2025,13.09,124.82,0,951.5,0,,Growing
369,123,5,2026,11.95,100.67,0,348.0,0,,Failed
370,124,4,2024,7.3,33.7,0,335.6,1,2024-07-04,Harvested
371,124,12,2025,4.29,13.6,0,163.6,1,2025-07-02,Harvested
372,124,12,2026,9.36,27.06,0,389.7,1,2026-11-23,Harvested
373,125,8,2024,2.98,19.05,0,90.0,1,,Growing
374,125,8,2025,2.25,10.59,0,159.9,1,,Growing
375,125,8,2026,1.23,6.3,1,107.5,1,2026-12-08,Harvested
376,126,1,2024,1.69,10.81,0,110.9,0,2024-12-18,Harvested
377,126,1,2025,1.51,10.45,0,82.8,0,2025-07-06,Harvested
378,126,9,2026,2.16,1.93,0,194.2,0,2026-09-11,Harvested
379,127,3,2024,15.86,49.82,0,1049.3,0,,Growing
380,127,3,2025,8.27,25.33,0,502.5,0,2025-09-15,Harvested
381,127,3,2026,9.84,42.7,0,627.0,0,2026-09-01,Harvested
382,128,11,2024,13.81,18.31,0,1083.1,0,2024-09-18,Harvested
383,128,11,2025,19.8,27.98,0,1087.5,0,2025-09-12,Harvested
384,128,4,2026,14.0,41.46,0,713.8,0,,Growing
385,129,6,2024,18.52,25.13,0,1457.0,0,2024-11-27,Harvested
386,129,10,2025,17.37,23.07,1,865.0,0,,Growing
387,129,6,2026,13.2,21.38,0,1074.6,0,,Growing
388,130,5,2024,17.33,208.96,0,864.1,1,2024-07-11,Harvested
389,130,5,2025,10.27,75.46,0,745.1,1,2025-10-25,Harvested
390,130,5,2026,15.25,146.02,0,512.3,1,2026-11-24,Harvested
391,131,5,2024,6.87,50.97,1,517.3,0,2024-08-16,Harvested
392,131,5,2025,7.49,57.5,0,487.1,0,2025-08-08,Harvested
393,131,5,2026,9.51,114.55,0,293.1,0,2026-10-12,Harvested
394,132,11,2024,16.54,29.76,0,1475.3,1,2024-10-20,Harvested
395,132,11,2025,11.49,21.7,0,853.2,1,,Growing
396,132,11,2026,11.67,27.34,0,913.9,0,2026-12-26,Harvested
397,133,10,2024,16.49,14.96,1,988.9,0,2024-11-25,Harvested
398,133,10,2025,17.02,18.76,0,1198.5,0,2025-11-22,Harvested
399,133,10,2026,13.39,12.07,1,941.0,0,2026-10-21,Harvested
400,134,2,2024,18.95,138.76,0,1538.3,0,2024-12-13,Harvested
401,134,3,2025,18.8,59.64,0,1529.2,1,2025-08-07,Harvested
402,134,3,2026,20.31,61.3,0,1206.7,1,2026-10-24,Harvested
403,135,4,2024,13.95,50.1,0,1235.8,1,2024-07-21,Harvested
404,135,4,2025,14.55,74.34,0,1261.4,0,2025-09-13,Harvested
405,135,4,2026,10.06,42.99,0,660.5,0,2026-08-19,Harvested
406,136,4,2024,32.38,115.27,0,1950.7,0,2024-08-19,Harvested
407,136,4,2025,28.83,101.16,0,2042.1,0,2025-08-14,Harvested
408,136,3,2026,25.83,67.34,0,759.6,0,2026-12-04,Harvested
409,137,8,2024,27.9,98.85,1,2461.8,1,,Failed
410,137,8,2025,26.06,153.81,0,908.9,1,2025-08-06,Harvested
411,137,8,2026,30.77,169.05,0,1962.0,1,2026-07-12,Harvested
412,138,8,2024,7.29,32.91,1,404.4,0,2024-08-28,Harvested
413,138,8,2025,5.65,17.31,1,291.3,0,,Failed
414,138,7,2026,4.31,24.95,0,165.1,0,2026-10-28,Harvested
415,139,9,2024,20.02,21.78,0,1510.6,0,2024-10-24,Harvested
416,139,9,2025,18.82,23.54,0,1541.8,1,,Growing
417,139,9,2026,16.3,26.35,0,957.1,1,2026-12-02,Harvested
418,140,6,2024,21.59,26.41,0,948.4,0,2024-09-25,Harvested
419,140,8,2025,14.72,88.42,0,1028.1,0,,Growing
420,140,6,2026,24.14,32.21,1,885.6,0,2026-12-18,Harvested
421,141,10,2024,12.27,13.94,0,777.6,0,2024-08-15,Harvested
422,141,10,2025,11.17,18.04,0,398.3,0,2025-07-04,Harvested
423,141,10,2026,14.98,18.83,1,1082.3,0,,Failed
424,142,6,2024,5.34,6.5,0,192.8,0,2024-12-28,Harvested
425,142,6,2025,10.43,15.77,1,545.2,0,2025-10-10,Harvested
426,142,6,2026,5.03,5.45,1,329.3,0,2026-10-16,Harvested
427,143,9,2024,28.66,28.98,0,1945.0,1,2024-10-03,Harvested
428,143,4,2025,12.15,56.61,0,951.4,1,2025-08-05,Harvested
429,143,4,2026,19.21,67.75,1,1233.5,1,2026-07-02,Harvested
430,144,1,2024,10.86,76.59,1,765.5,1,2024-11-06,Harvested
431,144,12,2025,8.01,17.94,0,392.1,1,2025-07-25,Harvested
432,144,1,2026,7.81,71.98,0,334.6,1,2026-11-07,Harvested
433,145,8,2024,24.24,104.9,1,2161.4,1,2024-12-20,Harvested
434,145,12,2025,17.65,46.0,0,1582.8,1,2025-08-20,Harvested
435,145,8,2026,22.36,91.52,0,1444.7,1,2026-08-01,Harvested
436,146,2,2024,11.73,68.67,0,762.4,1,2024-07-11,Harvested
437,146,2,2025,15.55,125.08,0,645.9,1,2025-09-17,Harvested
438,146,2,2026,15.11,79.09,1,936.5,1,,Failed
439,147,4,2024,9.16,40.53,0,774.5,0,,Growing
440,147,2,2025,10.67,88.53,0,639.2,0,2025-10-24,Harvested
441,147,2,2026,11.07,81.9,0,676.2,0,2026-11-22,Harvested
442,148,11,2024,2.94,4.7,0,234.2,1,2024-10-21,Harvested
443,148,11,2025,1.47,2.29,0,111.5,1,2025-09-23,Harvested
444,148,11,2026,1.96,3.9,0,170.1,1,2026-09-06,Harvested
445,149,9,2024,1.43,1.57,0,38.1,0,2024-11-05,Harvested
446,149,9,2025,1.57,2.27,0,53.9,1,,Growing
447,149,9,2026,1.32,1.24,1,94.2,1,2026-07-10,Harvested
448,150,11,2024,29.42,50.01,0,2435.9,0,2024-12-24,Harvested
449,150,7,2025,23.86,212.11,0,1094.2,0,2025-09-18,Harvested
450,150,7,2026,21.05,91.08,1,900.7,0,2026-11-18,Harvested
451,151,1,2024,0.99,6.66,0,33.9,0,2024-09-19,Harvested
452,151,1,2025,0.82,5.6,0,44.1,0,2025-10-22,Harvested
453,151,1,2026,1.21,6.68,1,85.7,0,,Growing
454,152,3,2024,6.82,21.9,0,258.3,1,2024-11-03,Harvested
455,152,8,2025,6.16,25.69,1,192.9,0,2025-12-23,Harvested
456,152,8,2026,4.36,22.24,0,367.7,0,2026-12-22,Harvested
457,153,10,2024,26.46,37.41,0,773.9,0,2024-10-15,Harvested
458,153,5,2025,24.76,179.87,0,784.7,0,,Growing
459,153,6,2026,20.88,24.37,1,1147.6,0,2026-08-20,Harvested
460,154,3,2024,3.79,9.15,0,146.0,0,2024-10-26,Harvested
461,154,10,2025,7.0,8.31,0,476.5,0,2025-12-19,Harvested
462,154,2,2026,6.0,41.29,0,470.6,0,2026-10-03,Harvested
463,155,8,2024,24.05,137.32,0,1113.1,0,2024-07-03,Harvested
464,155,8,2025,13.69,75.5,0,1062.9,0,2025-12-05,Harvested
465,155,8,2026,16.58,76.13,0,636.1,0,,Growing
466,156,10,2024,8.94,16.11,0,767.8,0,2024-09-03,Harvested
467,156,10,2025,7.76,13.49,0,624.0,0,2025-11-02,Harvested
468,156,10,2026,7.42,7.97,0,321.6,0,2026-10-23,Harvested
469,157,4,2024,25.36,95.18,0,1351.4,0,2024-08-16,Harvested
470,157,4,2025,23.9,86.95,0,1245.7,0,2025-12-05,Harvested
471,157,4,2026,13.75,48.77,1,778.7,0,2026-08-03,Harvested
472,158,6,2024,16.95,36.19,0,1189.9,0,,Growing
473,158,6,2025,12.66,26.02,0,633.1,0,2025-10-20,Harvested
474,158,6,2026,13.19,25.58,0,560.6,0,,Growing
475,159,5,2024,0.29,2.13,1,14.2,0,2024-12-03,Harvested
476,159,5,2025,0.62,7.69,0,46.9,0,2025-07-17,Harvested
477,159,2,2026,0.39,2.86,0,26.7,0,2026-11-26,Harvested
478,160,5,2024,19.57,138.75,0,1066.8,1,,Growing
479,160,5,2025,14.96,123.68,0,536.9,0,2025-11-24,Harvested
480,160,5,2026,22.38,240.95,0,1392.8,1,2026-09-26,Harvested
481,161,10,2024,3.35,3.65,0,100.5,0,,Growing
482,161,10,2025,6.58,7.94,0,481.6,0,2025-11-24,Harvested
483,161,10,2026,5.65,6.84,0,398.6,0,2026-11-28,Harvested
484,162,5,2024,26.06,321.7,0,2070.3,1,2024-10-25,Harvested
485,162,5,2025,20.68,222.6,0,1648.6,1,2025-09-25,Harvested
486,162,1,2026,12.49,118.46,0,923.1,1,2026-10-22,Harvested
487,163,6,2024,16.69,15.4,1,1423.1,0,2024-12-11,Harvested
488,163,11,2025,24.28,35.27,1,1939.4,1,2025-12-28,Harvested
489,163,6,2026,13.47,26.2,0,740.5,1,2026-08-24,Harvested
490,164,9,2024,14.47,23.37,0,656.4,1,2024-07-27,Harvested
491,164,9,2025,10.63,11.86,0,766.9,1,2025-07-01,Harvested
492,164,9,2026,6.84,6.4,0,437.5,0,2026-07-03,Harvested
493,165,3,2024,15.11,64.65,0,559.2,1,2024-08-09,Harvested
494,165,5,2025,19.6,205.92,1,1470.2,1,2025-12-25,Harvested
495,165,5,2026,11.74,87.0,1,547.3,1,2026-09-06,Harvested
496,166,4,2024,19.46,83.05,0,712.2,0,2024-08-18,Harvested
497,166,4,2025,21.67,64.95,1,906.6,0,2025-07-19,Harvested
498,166,4,2026,24.63,76.54,1,1661.0,0,2026-07-22,Harvested
499,167,7,2024,0.43,2.85,0,10.9,0,2024-10-16,Harvested
500,167,7,2025,0.84,7.06,0,50.5,0,2025-12-27,Harvested
501,167,2,2026,0.68,4.12,0,47.1,0,2026-12-21,Harvested
502,168,10,2024,9.16,9.59,0,502.7,0,,Growing
503,168,10,2025,6.22,6.41,1,232.7,0,2025-07-21,Harvested
504,168,10,2026,8.76,11.99,0,326.9,0,2026-07-24,Harvested
505,169,4,2024,0.88,2.81,1,39.6,0,2024-10-01,Harvested
506,169,8,2025,0.52,1.76,0,17.0,0,,Growing
507,169,8,2026,0.85,4.99,0,29.5,0,2026-07-02,Harvested
508,170,11,2024,18.61,34.67,1,1213.3,0,2024-12-05,Harvested
509,170,11,2025,21.1,48.21,0,660.9,0,2025-11-03,Harvested
510,170,2,2026,12.1,86.34,0,352.1,0,2026-09-26,Harvested
511,171,12,2024,25.1,62.47,0,851.6,0,,Growing
512,171,1,2025,23.4,148.55,0,1216.4,1,2025-11-06,Harvested
513,171,1,2026,30.01,234.28,1,1944.9,1,,Growing
514,172,9,2024,3.33,2.37,1,224.3,1,,Growing
515,172,9,2025,4.32,4.33,0,287.7,1,2025-10-08,Harvested
516,172,10,2026,3.96,6.53,0,121.7,1,,Growing
517,173,7,2024,13.88,79.65,0,1237.1,0,,Failed
518,173,7,2025,20.03,143.39,0,1105.1,0,2025-08-09,Harvested
519,173,7,2026,9.64,65.21,1,812.1,0,2026-08-22,Harvested
520,174,1,2024,11.64,84.81,0,543.9,0,,Growing
521,174,1,2025,6.52,39.56,1,230.0,0,2025-11-04,Harvested
522,174,4,2026,7.76,32.52,0,405.4,0,2026-09-08,Harvested
523,175,6,2024,15.38,24.85,0,584.4,0,,Growing
524,175,9,2025,22.16,18.91,1,865.4,0,2025-08-13,Harvested
525,175,9,2026,19.75,20.5,0,840.0,0,2026-07-23,Harvested
526,176,2,2024,17.23,87.43,1,899.1,0,,Growing
527,176,2,2025,17.52,107.78,1,1523.0,0,,Growing
528,176,2,2026,22.66,142.28,0,1335.0,0,,Growing
529,177,1,2024,1.42,11.13,0,116.0,1,2024-10-19,Harvested
530,177,1,2025,2.03,19.31,0,105.9,0,2025-10-24,Harvested
531,177,1,2026,1.36,11.62,0,42.7,0,2026-07-18,Harvested
532,178,12,2024,6.04,13.49,0,405.3,1,2024-10-22,Harvested
533,178,9,2025,5.91,5.09,0,322.5,1,,Growing
534,178,7,2026,3.53,30.66,0,88.6,1,2026-10-23,Harvested
535,179,10,2024,0.22,0.27,0,19.0,0,2024-08-26,Harvested
536,179,10,2025,0.43,0.78,0,25.1,0,,Growing
537,179,10,2026,0.23,0.32,0,6.4,0,2026-12-18,Harvested
538,180,3,2024,2.94,7.54,0,137.5,0,2024-12-16,Harvested
539,180,3,2025,3.44,12.9,0,254.4,0,,Growing
540,180,3,2026,3.81,12.05,0,108.7,0,2026-10-16,Harvested
541,181,10,2024,9.89,18.35,0,825.5,1,2024-09-26,Harvested
542,181,10,2025,8.94,10.23,0,737.2,0,2025-10-06,Harvested
543,181,10,2026,10.78,14.55,1,617.3,1,,Growing
544,182,9,2024,3.21,3.76,0,107.8,0,2024-10-24,Harvested
545,182,9,2025,2.32,1.71,1,200.9,0,2025-10-19,Harvested
546,182,9,2026,3.26,4.51,0,259.9,1,2026-09-19,Harvested
547,183,2,2024,13.25,73.49,1,1167.3,1,,Growing
548,183,2,2025,9.04,82.32,0,644.3,1,2025-08-27,Harvested
549,183,2,2026,14.37,78.24,0,1287.5,1,2026-10-09,Harvested
550,184,11,2024,15.97,42.66,0,552.8,1,2024-08-18,Harvested
551,184,11,2025,30.46,48.51,0,1668.4,1,2025-07-24,Harvested
552,184,11,2026,22.09,56.66,0,1944.5,1,2026-11-22,Harvested
553,185,8,2024,17.28,99.24,0,1253.8,1,,Growing
554,185,8,2025,17.07,106.42,0,921.6,1,2025-07-20,Harvested
555,185,8,2026,17.56,71.71,0,464.7,0,2026-10-22,Harvested
556,186,2,2024,1.95,10.47,0,89.0,0,2024-07-22,Harvested
557,186,2,2025,2.13,13.0,0,104.9,0,2025-09-10,Harvested
558,186,9,2026,1.95,2.14,0,174.6,0,,Growing
559,187,5,2024,13.46,121.72,0,1120.8,0,2024-11-20,Harvested
560,187,5,2025,7.67,89.78,0,683.6,0,2025-11-25,Harvested
561,187,5,2026,5.72,46.56,0,208.0,0,2026-11-25,Harvested
562,188,4,2024,14.01,42.92,0,1102.7,1,,Growing
563,188,12,2025,20.81,36.6,0,875.6,1,,Failed
564,188,8,2026,12.89,52.74,0,1082.0,1,2026-07-04,Harvested
565,189,8,2024,14.06,59.14,1,868.4,1,,Growing
566,189,7,2025,9.44,73.22,0,589.0,1,,Growing
567,189,7,2026,5.72,31.37,0,203.7,0,2026-10-21,Harvested
568,190,6,2024,12.67,23.57,0,380.0,0,2024-12-06,Harvested
569,190,10,2025,26.77,47.12,0,2108.0,0,2025-09-09,Harvested
570,190,6,2026,25.48,35.7,1,2000.6,0,2026-11-10,Harvested
571,191,2,2024,9.87,82.66,0,312.5,0,2024-08-27,Harvested
572,191,2,2025,13.68,110.01,0,809.4,0,2025-11-23,Harvested
573,191,2,2026,9.25,46.62,0,310.2,0,2026-09-10,Harvested
574,192,10,2024,14.52,27.06,0,856.7,0,,Failed
575,192,10,2025,17.85,19.31,0,595.6,0,2025-12-08,Harvested
576,192,10,2026,15.94,21.64,0,1189.1,0,2026-07-25,Harvested
577,193,12,2024,1.38,3.9,0,87.7,1,2024-09-02,Harvested
578,193,12,2025,1.7,5.52,0,65.2,1,,Growing
579,193,12,2026,1.27,3.01,1,110.1,0,2026-08-28,Harvested
580,194,9,2024,6.17,7.35,0,194.0,0,2024-07-17,Harvested
581,194,9,2025,3.65,5.22,0,218.7,0,,Failed
582,194,9,2026,3.75,4.84,0,183.1,0,2026-10-22,Harvested
583,195,3,2024,3.79,13.73,0,195.2,1,,Growing
584,195,6,2025,2.81,4.73,0,122.9,1,2025-07-11,Harvested
585,195,6,2026,2.59,5.35,0,206.3,1,2026-10-10,Harvested
586,196,7,2024,10.04,67.82,1,561.4,0,2024-08-01,Harvested
587,196,8,2025,16.32,78.63,0,1125.7,0,2025-10-13,Harvested
588,196,10,2026,20.29,36.08,0,729.8,0,2026-08-11,Harvested
589,197,1,2024,5.76,36.39,0,303.0,0,2024-12-25,Harvested
590,197,1,2025,3.45,28.6,0,176.0,0,2025-11-13,Harvested
591,197,9,2026,3.48,2.99,0,143.7,0,2026-12-05,Harvested
592,198,3,2024,24.18,80.3,0,646.5,0,2024-11-22,Harvested
593,198,3,2025,16.22,62.79,0,1102.5,0,2025-10-26,Harvested
594,198,3,2026,16.05,53.53,0,967.1,0,,Growing
595,199,2,2024,9.46,78.01,0,309.8,0,2024-10-15,Harvested
596,199,2,2025,9.7,56.48,0,687.7,0,2025-08-10,Harvested
597,199,2,2026,16.86,104.0,1,1172.6,1,2026-10-18,Harvested
598,200,9,2024,4.31,4.9,0,297.3,1,,Growing
599,200,6,2025,4.35,7.36,0,337.7,1,2025-12-11,Harvested
600,200,6,2026,6.83,9.08,0,279.2,1,2026-09-19,Harvested
601,201,10,2024,1.69,2.06,0,101.4,1,2024-12-28,Harvested
602,201,10,2025,1.46,2.2,0,38.6,1,2025-11-13,Harvested
603,201,10,2026,0.91,1.14,0,52.1,1,,Growing
604,202,8,2024,6.66,25.68,0,441.6,0,,Failed
605,202,8,2025,12.72,56.9,0,792.2,1,,Growing
606,202,8,2026,13.68,74.25,0,585.1,1,2026-11-16,Harvested
607,203,2,2024,5.73,35.8,1,331.2,0,2024-12-18,Harvested
608,203,2,2025,6.15,41.29,0,422.2,0,2025-07-21,Harvested
609,203,2,2026,8.91,48.51,0,780.0,0,2026-10-09,Harvested
610,204,9,2024,6.77,9.7,0,580.5,0,2024-07-17,Harvested
611,204,1,2025,5.09,44.7,0,380.5,0,,Growing
612,204,1,2026,7.02,57.86,0,561.5,0,2026-09-21,Harvested
613,205,4,2024,20.55,68.45,0,714.1,0,2024-09-15,Harvested
614,205,4,2025,25.48,127.71,0,971.5,0,2025-07-09,Harvested
615,205,5,2026,20.1,182.1,1,1761.7,0,2026-07-02,Harvested
616,206,2,2024,14.14,130.74,0,1177.7,1,2024-07-13,Harvested
617,206,12,2025,22.48,57.67,0,738.3,1,2025-11-25,Harvested
618,206,5,2026,17.02,159.71,1,772.2,1,,Growing
619,207,9,2024,16.49,23.97,0,645.9,0,2024-08-09,Harvested
620,207,9,2025,9.94,11.26,0,490.6,0,,Failed
621,207,9,2026,11.95,17.61,0,981.9,0,,Growing
622,208,7,2024,0.9,4.47,0,79.1,0,2024-12-22,Harvested
623,208,1,2025,0.88,5.59,0,53.6,0,2025-12-12,Harvested
624,208,11,2026,0.49,1.14,0,24.6,0,,Growing
625,209,7,2024,23.4,216.76,0,943.1,1,2024-08-15,Harvested
626,209,7,2025,21.92,119.02,0,1782.5,1,,Growing
627,209,8,2026,19.79,96.54,0,1676.3,1,2026-08-23,Harvested
628,210,3,2024,10.97,41.76,0,664.8,0,2024-12-01,Harvested
629,210,11,2025,20.69,46.54,0,700.3,0,2025-12-10,Harvested
630,210,3,2026,11.24,29.45,1,989.4,0,,Growing
631,211,10,2024,11.83,17.96,0,861.1,1,2024-12-19,Harvested
632,211,5,2025,7.29,92.58,0,629.9,1,,Growing
633,211,4,2026,14.27,66.41,0,1197.9,1,,Failed
634,212,12,2024,9.41,17.98,1,394.4,1,2024-09-06,Harvested
635,212,2,2025,4.38,39.97,0,345.0,1,2025-08-23,Harvested
636,212,12,2026,11.2,33.2,0,558.1,1,2026-08-20,Harvested
637,213,9,2024,15.28,14.0,0,561.1,0,,Growing
638,213,9,2025,16.93,18.7,0,696.5,0,2025-12-15,Harvested
639,213,9,2026,11.42,16.92,0,580.6,0,2026-10-23,Harvested
640,214,4,2024,2.87,6.92,1,245.4,1,2024-09-20,Harvested
641,214,10,2025,3.14,4.85,0,156.2,1,,Failed
642,214,4,2026,1.74,5.98,0,62.7,1,2026-09-15,Harvested
643,215,3,2024,18.01,46.34,0,587.0,0,2024-08-16,Harvested
644,215,5,2025,26.61,218.14,0,2182.0,0,2025-09-17,Harvested
645,215,3,2026,29.51,128.77,0,2202.6,0,2026-12-21,Harvested
646,216,1,2024,11.12,52.73,1,617.9,0,2024-10-14,Harvested
647,216,8,2025,21.29,97.39,0,1900.6,0,2025-10-16,Harvested
648,216,8,2026,18.76,62.9,1,717.4,0,2026-08-24,Harvested
649,217,2,2024,8.57,60.07,0,539.3,0,,Failed
650,217,2,2025,11.55,56.28,0,865.5,0,2025-09-01,Harvested
651,217,2,2026,15.66,74.74,1,1337.3,0,2026-09-05,Harvested
652,218,9,2024,1.92,2.56,0,81.6,1,2024-09-02,Harvested
653,218,9,2025,2.82,3.99,0,246.0,1,2025-08-28,Harvested
654,218,9,2026,2.25,2.02,0,195.5,1,2026-10-09,Harvested
655,219,2,2024,21.13,104.06,0,1698.9,0,2024-10-10,Harvested
656,219,2,2025,20.98,94.98,1,1617.0,0,2025-09-22,Harvested
657,219,2,2026,12.86,61.12,1,488.6,0,2026-10-16,Harvested
658,220,7,2024,11.69,61.79,1,572.1,0,2024-12-14,Harvested
659,220,7,2025,10.83,85.76,0,726.6,0,2025-10-17,Harvested
660,220,7,2026,10.94,74.86,0,918.6,0,2026-08-05,Harvested
661,221,11,2024,3.71,6.73,0,229.9,0,2024-07-17,Harvested
662,221,11,2025,4.23,6.91,1,262.1,0,2025-09-19,Harvested
663,221,11,2026,4.56,7.45,1,167.2,0,2026-10-02,Harvested
664,222,2,2024,24.95,175.06,0,1361.6,0,2024-11-26,Harvested
665,222,2,2025,26.49,141.36,0,980.9,0,2025-11-09,Harvested
666,222,2,2026,17.38,84.17,1,449.5,0,2026-10-23,Harvested
667,223,1,2024,6.74,48.43,0,524.7,1,2024-12-22,Harvested
668,223,11,2025,5.31,7.55,0,171.4,1,2025-08-28,Harvested
669,223,1,2026,5.78,45.0,1,466.9,1,2026-07-10,Harvested
670,224,3,2024,8.28,16.95,1,289.0,0,2024-10-16,Harvested
671,224,3,2025,8.09,23.41,0,638.4,0,2025-09-01,Harvested
672,224,3,2026,11.2,35.26,0,640.9,0,2026-12-18,Harvested
673,225,1,2024,13.58,109.14,0,879.3,0,2024-10-08,Harvested
674,225,11,2025,14.09,23.66,0,410.4,0,,Growing
675,225,11,2026,13.4,32.52,0,637.0,0,2026-07-06,Harvested
676,226,9,2024,11.12,11.27,0,935.1,1,2024-11-28,Harvested
677,226,11,2025,15.08,28.8,0,785.6,1,,Failed
678,226,9,2026,13.53,12.13,0,520.5,0,2026-07-22,Harvested
679,227,11,2024,2.44,4.63,1,210.6,1,2024-08-07,Harvested
680,227,11,2025,5.11,11.66,0,185.8,1,,Growing
681,227,11,2026,4.49,7.62,0,276.3,1,2026-09-26,Harvested
682,228,5,2024,7.48,60.63,0,260.5,0,2024-11-20,Harvested
683,228,5,2025,15.31,139.73,0,837.7,0,,Growing
684,228,5,2026,8.18,91.56,0,708.2,0,,Growing
685,229,2,2024,9.42,78.9,0,331.7,0,2024-10-25,Harvested
686,229,2,2025,17.99,90.25,1,610.9,1,,Growing
687,229,2,2026,13.66,117.26,0,644.6,1,2026-07-09,Harvested
688,230,3,2024,26.75,74.92,0,1978.9,1,2024-08-05,Harvested
689,230,7,2025,30.02,216.07,0,2081.7,0,,Failed
690,230,3,2026,27.06,70.76,0,1271.5,1,2026-08-14,Harvested
691,231,3,2024,2.55,9.24,0,213.3,0,2024-12-23,Harvested
692,231,9,2025,2.95,4.18,0,208.1,0,,Growing
693,231,3,2026,1.7,6.82,0,142.0,0,2026-08-23,Harvested
694,232,12,2024,22.82,62.9,0,1226.3,1,2024-12-13,Harvested
695,232,5,2025,12.41,144.93,0,1020.0,1,2025-11-10,Harvested
696,232,12,2026,20.36,56.7,0,540.0,1,,Growing
697,233,7,2024,2.94,21.52,0,170.1,1,2024-09-09,Harvested
698,233,7,2025,3.27,14.98,1,145.1,1,2025-10-11,Harvested
699,233,12,2026,5.49,14.09,0,327.6,0,2026-09-10,Harvested
700,234,6,2024,19.56,41.01,0,1149.7,1,2024-09-17,Harvested
701,234,6,2025,20.11,42.1,0,1585.6,1,2025-07-14,Harvested
702,234,8,2026,11.41,42.85,1,699.8,1,,Growing
703,235,10,2024,12.28,24.04,0,697.8,1,,Failed
704,235,3,2025,12.36,57.5,0,721.3,1,2025-12-07,Harvested
705,235,4,2026,6.99,29.75,1,228.7,1,,Growing
706,236,8,2024,9.39,36.54,0,420.9,1,2024-09-16,Harvested
707,236,8,2025,7.16,46.86,0,321.0,1,2025-08-27,Harvested
708,236,8,2026,5.77,21.09,0,324.7,1,2026-10-11,Harvested
709,237,8,2024,24.4,89.02,0,829.7,0,2024-10-22,Harvested
710,237,3,2025,24.95,98.67,0,1701.4,0,2025-08-13,Harvested
711,237,3,2026,10.83,34.72,0,466.0,0,2026-08-23,Harvested
712,238,6,2024,14.29,28.81,0,955.3,1,2024-11-18,Harvested
713,238,6,2025,7.49,13.62,0,623.9,1,2025-11-06,Harvested
714,238,5,2026,16.14,206.14,0,869.5,1,,Growing
715,239,3,2024,5.86,18.67,1,155.4,0,2024-10-01,Harvested
716,239,6,2025,5.74,9.98,1,345.6,0,2025-08-09,Harvested
717,239,3,2026,5.29,13.91,0,343.5,0,2026-07-23,Harvested
718,240,8,2024,18.11,81.29,0,834.4,0,2024-07-02,Harvested
719,240,8,2025,24.86,117.56,0,1837.3,0,2025-07-09,Harvested
720,240,8,2026,19.51,91.75,0,1004.5,0,2026-07-09,Harvested
721,241,6,2024,6.06,9.43,1,408.1,0,2024-11-14,Harvested
722,241,6,2025,7.4,14.91,0,253.5,0,2025-08-26,Harvested
723,241,6,2026,7.95,14.07,0,220.3,0,,Growing
724,242,10,2024,15.42,15.04,0,1321.2,0,2024-11-09,Harvested
725,242,7,2025,27.96,163.07,0,2226.9,0,2025-08-24,Harvested
726,242,2,2026,11.54,67.36,1,911.5,0,2026-09-14,Harvested
727,243,8,2024,16.0,97.38,0,1060.6,0,,Failed
728,243,8,2025,12.59,52.78,0,1099.5,1,2025-12-05,Harvested
729,243,8,2026,8.61,45.36,0,446.5,0,,Growing
730,244,2,2024,0.94,7.39,0,28.2,1,2024-12-15,Harvested
731,244,2,2025,0.65,3.93,0,23.7,0,,Growing
732,244,2,2026,0.41,2.63,0,16.2,0,2026-09-22,Harvested
733,245,6,2024,7.02,12.95,0,544.4,0,2024-10-12,Harvested
734,245,9,2025,9.75,11.86,0,248.3,0,,Failed
735,245,9,2026,6.29,7.17,0,226.9,0,2026-12-19,Harvested
736,246,4,2024,10.66,35.02,1,783.4,0,2024-11-28,Harvested
737,246,4,2025,9.94,31.94,0,686.5,0,,Failed
738,246,4,2026,10.03,41.54,0,546.7,0,,Growing
739,247,10,2024,17.39,24.69,1,923.7,0,,Failed
740,247,10,2025,14.4,18.72,0,1070.4,0,,Growing
741,247,10,2026,9.81,13.53,0,248.5,0,2026-07-19,Harvested
742,248,12,2024,10.54,31.63,0,398.4,0,2024-07-21,Harvested
743,248,1,2025,7.96,77.6,0,682.8,1,,Growing
744,248,1,2026,13.77,125.91,0,809.4,0,2026-07-25,Harvested
745,249,9,2024,20.93,15.34,1,1849.0,1,,Growing
746,249,9,2025,30.17,26.87,0,2327.8,1,2025-11-21,Harvested
747,249,9,2026,14.03,16.45,1,717.1,1,2026-10-08,Harvested
748,250,11,2024,0.87,1.62,0,46.0,0,2024-07-11,Harvested
749,250,9,2025,0.91,0.82,1,57.5,0,2025-07-20,Harvested
750,250,9,2026,0.85,1.22,0,28.2,0,2026-09-14,Harvested
751,251,12,2024,0.77,1.41,0,21.5,0,2024-11-14,Harvested
752,251,12,2025,0.79,1.98,0,47.5,0,2025-10-10,Harvested
753,251,12,2026,0.56,1.34,0,37.9,0,2026-08-17,Harvested
754,252,9,2024,22.37,22.33,0,1880.3,1,,Growing
755,252,10,2025,19.41,29.4,0,903.0,0,2025-09-20,Harvested
756,252,10,2026,14.15,19.81,1,809.9,0,,Growing
757,253,11,2024,5.01,7.79,0,281.8,0,,Growing
758,253,12,2025,3.76,10.77,0,95.6,0,2025-09-01,Harvested
759,253,11,2026,2.85,5.86,0,240.3,0,2026-07-07,Harvested
760,254,3,2024,1.22,4.62,0,57.4,0,2024-08-07,Harvested
761,254,3,2025,2.29,5.31,0,158.1,0,2025-07-11,Harvested
762,254,5,2026,1.67,14.59,0,60.4,0,2026-11-14,Harvested
763,255,2,2024,11.7,59.66,0,436.7,0,2024-12-12,Harvested
764,255,1,2025,16.89,162.5,0,1260.0,0,2025-11-10,Harvested
765,255,6,2026,13.85,20.39,0,460.1,0,2026-11-16,Harvested
766,256,9,2024,6.71,5.99,0,389.6,1,2024-12-25,Harvested
767,256,9,2025,10.93,12.39,0,766.7,1,2025-10-16,Harvested
768,256,9,2026,9.94,8.66,0,390.3,1,2026-08-13,Harvested
769,257,11,2024,7.23,18.04,0,300.4,1,2024-07-10,Harvested
770,257,11,2025,6.7,14.8,0,353.1,1,2025-10-12,Harvested
771,257,6,2026,6.14,7.54,1,183.8,1,,Growing
772,258,12,2024,10.2,17.77,0,438.3,0,2024-07-03,Harvested
773,258,12,2025,10.62,28.01,0,438.1,0,2025-12-28,Harvested
774,258,12,2026,12.12,37.85,0,895.7,0,2026-09-01,Harvested
775,259,5,2024,27.32,243.77,0,1403.5,0,2024-12-01,Harvested
776,259,6,2025,21.3,28.36,0,1082.8,0,2025-12-07,Harvested
777,259,6,2026,21.36,42.47,0,1537.1,0,2026-07-11,Harvested
778,260,7,2024,28.28,210.74,0,1733.5,1,2024-11-28,Harvested
779,260,10,2025,31.9,42.94,1,1502.1,0,2025-12-25,Harvested
780,260,10,2026,28.46,30.61,0,2164.3,1,,Growing
781,261,6,2024,21.47,42.23,0,1385.0,1,,Growing
782,261,4,2025,21.42,70.85,1,993.3,1,,Failed
783,261,6,2026,12.41,14.24,1,976.9,1,2026-07-06,Harvested
784,262,6,2024,14.29,19.9,0,627.6,0,2024-10-02,Harvested
785,262,6,2025,5.68,12.23,0,286.4,0,,Failed
786,262,6,2026,9.57,15.22,0,801.3,0,2026-08-10,Harvested
787,263,11,2024,26.62,53.89,0,2290.5,0,2024-11-23,Harvested
788,263,11,2025,17.68,20.29,1,515.5,0,2025-08-17,Harvested
789,263,11,2026,23.73,44.02,0,653.5,0,2026-12-15,Harvested
790,264,12,2024,20.48,45.29,0,1608.1,0,,Growing
791,264,12,2025,10.96,24.91,0,548.0,0,2025-12-19,Harvested
792,264,12,2026,18.41,42.41,1,649.2,0,,Growing
793,265,1,2024,3.64,29.22,1,306.0,1,2024-11-04,Harvested
794,265,2,2025,3.9,26.42,0,139.3,1,2025-07-15,Harvested
795,265,1,2026,3.56,26.34,0,181.4,1,2026-07-01,Harvested
796,266,1,2024,16.58,108.86,1,914.8,0,2024-07-18,Harvested
797,266,1,2025,16.64,124.13,0,717.9,0,2025-07-20,Harvested
798,266,1,2026,11.26,79.68,0,338.3,0,,Growing
799,267,10,2024,2.32,2.52,0,159.8,1,2024-12-02,Harvested
800,267,9,2025,3.86,4.1,0,173.9,0,2025-07-02,Harvested
801,267,4,2026,4.76,15.22,0,249.5,1,,Failed
802,268,1,2024,12.04,122.68,0,924.7,1,,Growing
803,268,1,2025,11.65,85.18,0,716.9,1,2025-08-18,Harvested
804,268,1,2026,15.7,114.49,0,407.8,1,2026-07-13,Harvested
805,269,5,2024,11.95,132.2,0,332.9,1,,Growing
806,269,5,2025,20.09,216.47,0,1535.5,0,,Growing
807,269,5,2026,12.42,107.61,1,624.2,1,,Growing
808,270,3,2024,16.43,48.35,0,1320.2,0,2024-09-01,Harvested
809,270,3,2025,20.97,62.58,0,1325.0,1,,Failed
810,270,3,2026,21.54,88.97,0,1598.7,1,2026-07-05,Harvested
811,271,11,2024,6.59,7.47,1,560.3,1,2024-10-24,Harvested
812,271,3,2025,6.46,23.5,0,572.0,1,2025-09-25,Harvested
813,271,11,2026,10.72,22.54,0,899.7,1,2026-08-26,Harvested
814,272,12,2024,19.53,42.91,0,896.6,0,2024-07-03,Harvested
815,272,2,2025,23.04,156.65,1,1981.2,0,2025-08-19,Harvested
816,272,12,2026,20.66,49.3,0,1088.9,0,2026-08-24,Harvested
817,273,2,2024,20.85,121.41,0,1302.4,0,,Failed
818,273,2,2025,29.92,255.64,0,1447.3,0,2025-10-15,Harvested
819,273,2,2026,24.68,128.45,0,2147.0,0,2026-10-14,Harvested
820,274,5,2024,14.31,96.97,1,789.0,1,2024-10-18,Harvested
821,274,9,2025,7.96,5.98,1,297.1,1,2025-11-24,Harvested
822,274,9,2026,13.05,19.3,0,642.8,0,2026-12-19,Harvested
823,275,2,2024,9.84,49.92,0,842.2,0,2024-10-09,Harvested
824,275,12,2025,6.25,16.11,0,305.8,0,2025-10-14,Harvested
825,275,2,2026,5.53,34.36,1,365.0,0,2026-12-22,Harvested
826,276,10,2024,1.54,2.45,0,64.0,0,2024-12-27,Harvested
827,276,10,2025,1.28,1.61,1,64.0,0,2025-07-17,Harvested
828,276,7,2026,1.37,10.94,0,78.8,0,2026-10-19,Harvested
829,277,6,2024,2.94,5.75,0,90.5,0,2024-09-27,Harvested
830,277,6,2025,3.94,6.3,0,177.4,0,,Failed
831,277,1,2026,2.01,14.48,0,104.7,0,2026-10-06,Harvested
832,278,1,2024,13.48,79.23,1,777.4,0,2024-11-27,Harvested
833,278,1,2025,13.73,124.72,0,514.5,0,,Failed
834,278,8,2026,21.19,124.07,0,758.6,0,2026-10-04,Harvested
835,279,12,2024,4.6,10.77,0,316.2,0,2024-07-09,Harvested
836,279,1,2025,6.2,33.49,0,240.1,0,,Growing
837,279,12,2026,5.48,11.09,0,310.1,0,2026-11-14,Harvested
838,280,5,2024,5.52,46.32,0,224.0,0,2024-10-13,Harvested
839,280,5,2025,6.8,77.1,0,171.4,0,,Growing
840,280,5,2026,6.19,41.19,0,204.2,0,2026-12-25,Harvested
841,281,6,2024,11.74,24.76,0,686.4,0,2024-07-21,Harvested
842,281,6,2025,6.8,8.29,0,526.9,0,2025-10-08,Harvested
843,281,10,2026,11.15,11.69,0,588.9,0,,Growing
844,282,11,2024,20.08,43.8,0,885.5,0,2024-08-28,Harvested
845,282,3,2025,16.1,53.69,0,536.3,0,,Growing
846,282,3,2026,17.51,72.0,0,629.0,0,2026-07-16,Harvested
847,283,2,2024,1.02,7.87,0,69.2,0,2024-10-23,Harvested
848,283,2,2025,1.88,11.58,0,81.3,0,2025-12-16,Harvested
849,283,11,2026,0.88,1.33,1,63.5,0,2026-12-11,Harvested
850,284,10,2024,17.67,25.08,0,1265.8,1,2024-10-21,Harvested
851,284,7,2025,14.99,88.16,0,487.5,0,2025-07-11,Harvested
852,284,7,2026,19.91,140.41,0,1602.1,1,,Failed
853,285,11,2024,5.09,9.93,1,451.4,1,2024-09-26,Harvested
854,285,11,2025,12.01,20.32,0,608.9,1,2025-10-11,Harvested
855,285,11,2026,13.29,26.51,0,851.8,1,2026-12-28,Harvested
856,286,12,2024,6.12,17.57,0,261.8,1,,Growing
857,286,8,2025,12.04,79.96,0,347.0,1,,Growing
858,286,8,2026,12.89,50.6,0,938.7,0,,Growing
859,287,8,2024,27.2,162.85,0,961.5,0,2024-10-11,Harvested
860,287,12,2025,21.93,41.04,0,1584.2,1,2025-08-23,Harvested
861,287,7,2026,14.13,133.85,0,403.0,1,,Growing
862,288,9,2024,14.77,17.98,0,1230.6,1,2024-12-07,Harvested
863,288,9,2025,7.07,9.68,0,631.0,1,2025-10-22,Harvested
864,288,1,2026,8.1,47.69,0,718.6,1,2026-11-14,Harvested
865,289,11,2024,4.2,8.06,0,187.6,1,2024-08-21,Harvested
866,289,4,2025,4.37,13.95,0,241.0,1,,Growing
867,289,4,2026,3.91,12.77,0,128.8,1,2026-11-08,Harvested
868,290,3,2024,19.81,56.45,0,1455.0,0,,Growing
869,290,3,2025,18.29,58.27,0,1136.6,0,2025-07-23,Harvested
870,290,9,2026,13.16,10.45,0,804.7,0,2026-11-16,Harvested
871,291,8,2024,29.71,154.64,0,2197.9,0,2024-12-04,Harvested
872,291,8,2025,24.73,117.74,1,816.0,1,2025-08-21,Harvested
873,291,8,2026,23.97,160.24,0,1387.9,1,2026-11-06,Harvested
874,292,7,2024,16.45,79.91,1,1423.0,0,2024-09-22,Harvested
875,292,7,2025,7.78,48.88,0,655.1,0,,Failed
876,292,7,2026,11.77,92.47,0,328.5,0,2026-08-10,Harvested
877,293,4,2024,9.44,30.91,0,456.3,0,2024-11-14,Harvested
878,293,1,2025,5.14,49.02,0,262.2,0,2025-09-22,Harvested
879,293,1,2026,7.83,43.37,0,568.6,0,,Failed
880,294,2,2024,7.16,52.34,0,560.9,0,2024-10-27,Harvested
881,294,2,2025,14.53,67.69,0,933.3,0,2025-07-18,Harvested
882,294,2,2026,10.44,58.95,1,507.2,0,2026-09-05,Harvested
883,295,4,2024,1.16,4.7,1,45.8,0,,Failed
884,295,2,2025,1.03,6.01,0,80.7,0,2025-11-12,Harvested
885,295,7,2026,1.96,14.91,0,163.2,0,2026-10-06,Harvested
886,296,7,2024,14.23,103.42,0,905.7,0,,Growing
887,296,7,2025,7.64,42.82,1,268.2,0,2025-10-19,Harvested
888,296,7,2026,6.83,63.25,0,484.8,0,2026-11-14,Harvested
889,297,2,2024,2.27,16.33,0,97.4,1,2024-12-27,Harvested
890,297,2,2025,3.61,23.68,1,288.6,1,2025-07-24,Harvested
891,297,2,2026,2.01,12.48,0,171.7,1,,Growing
892,298,3,2024,6.77,28.66,0,229.3,0,2024-12-22,Harvested
893,298,12,2025,3.13,4.66,1,247.4,0,2025-10-23,Harvested
894,298,3,2026,4.11,15.06,0,348.7,0,,Failed
895,299,11,2024,17.97,44.16,0,1237.1,0,,Growing
896,299,3,2025,12.18,38.36,1,711.2,0,,Failed
897,299,3,2026,14.51,36.46,0,1224.8,0,2026-11-28,Harvested
898,300,2,2024,2.79,15.8,0,70.2,0,2024-10-07,Harvested
899,300,11,2025,3.51,8.5,0,291.4,0,,Growing
900,300,9,2026,1.88,1.87,0,60.1,0,2026-12-06,Harvested
