price_id,crop_id,market_name,country,price_date,price_per_kg,currency
1,1,Mile 12 Market,Nigeria,2025-01-15,1301.9,NGN
2,1,Wuse Market,Nigeria,2025-01-15,1396.95,NGN
3,1,Bodija Market,Nigeria,2025-01-15,1750.03,NGN
4,1,Makola Market,Ghana,2025-01-15,20.5,GHS
5,1,Wakulima Market,Kenya,2025-01-15,177.93,KES
6,1,Kongowea Market,Kenya,2025-01-15,185.75,KES
7,2,Mile 12 Market,Nigeria,2025-01-15,2547.49,NGN
8,2,Wuse Market,Nigeria,2025-01-15,2090.06,NGN
9,2,Bodija Market,Nigeria,2025-01-15,2374.19,NGN
10,2,Makola Market,Ghana,2025-01-15,23.27,GHS
11,2,Kumasi Central,Ghana,2025-01-15,22.12,GHS
12,2,Wakulima Market,Kenya,2025-01-15,301.63,KES
13,2,Kongowea Market,Kenya,2025-01-15,262.67,KES
14,3,Mile 12 Market,Nigeria,2025-01-15,754.77,NGN
15,3,Wuse Market,Nigeria,2025-01-15,656.68,NGN
16,3,Bodija Market,Nigeria,2025-01-15,887.57,NGN
17,3,Makola Market,Ghana,2025-01-15,10.46,GHS
18,3,Kumasi Central,Ghana,2025-01-15,9.01,GHS
19,3,Wakulima Market,Kenya,2025-01-15,102.55,KES
20,3,Kongowea Market,Kenya,2025-01-15,104.74,KES
21,4,Mile 12 Market,Nigeria,2025-01-15,1373.96,NGN
22,4,Wuse Market,Nigeria,2025-01-15,1531.88,NGN
23,4,Bodija Market,Nigeria,2025-01-15,1250.0,NGN
24,4,Makola Market,Ghana,2025-01-15,18.15,GHS
25,4,Kumasi Central,Ghana,2025-01-15,15.73,GHS
26,4,Kongowea Market,Kenya,2025-01-15,151.67,KES
27,5,Mile 12 Market,Nigeria,2025-01-15,567.7,NGN
28,5,Wuse Market,Nigeria,2025-01-15,488.06,NGN
29,5,Bodija Market,Nigeria,2025-01-15,539.85,NGN
30,5,Makola Market,Ghana,2025-01-15,6.62,GHS
31,5,Kumasi Central,Ghana,2025-01-15,7.28,GHS
32,5,Wakulima Market,Kenya,2025-01-15,67.46,KES
33,5,Kongowea Market,Kenya,2025-01-15,67.04,KES
34,6,Mile 12 Market,Nigeria,2025-01-15,1769.17,NGN
35,6,Wuse Market,Nigeria,2025-01-15,1664.16,NGN
36,6,Bodija Market,Nigeria,2025-01-15,1461.8,NGN
37,6,Makola Market,Ghana,2025-01-15,20.29,GHS
38,6,Kumasi Central,Ghana,2025-01-15,21.84,GHS
39,6,Wakulima Market,Kenya,2025-01-15,185.84,KES
40,6,Kongowea Market,Kenya,2025-01-15,203.07,KES
41,7,Mile 12 Market,Nigeria,2025-01-15,1045.68,NGN
42,7,Wuse Market,Nigeria,2025-01-15,979.75,NGN
43,7,Bodija Market,Nigeria,2025-01-15,1299.62,NGN
44,7,Makola Market,Ghana,2025-01-15,13.67,GHS
45,7,Kumasi Central,Ghana,2025-01-15,15.67,GHS
46,7,Wakulima Market,Kenya,2025-01-15,141.76,KES
47,7,Kongowea Market,Kenya,2025-01-15,141.8,KES
48,8,Mile 12 Market,Nigeria,2025-01-15,1747.46,NGN
49,8,Wuse Market,Nigeria,2025-01-15,2289.4,NGN
50,8,Bodija Market,Nigeria,2025-01-15,1836.54,NGN
51,8,Makola Market,Ghana,2025-01-15,20.93,GHS
52,8,Wakulima Market,Kenya,2025-01-15,235.64,KES
53,8,Kongowea Market,Kenya,2025-01-15,232.27,KES
54,9,Mile 12 Market,Nigeria,2025-01-15,4038.65,NGN
55,9,Wuse Market,Nigeria,2025-01-15,4119.75,NGN
56,9,Bodija Market,Nigeria,2025-01-15,3609.65,NGN
57,9,Makola Market,Ghana,2025-01-15,51.07,GHS
58,9,Kumasi Central,Ghana,2025-01-15,42.41,GHS
59,9,Wakulima Market,Kenya,2025-01-15,568.49,KES
60,9,Kongowea Market,Kenya,2025-01-15,531.36,KES
61,10,Mile 12 Market,Nigeria,2025-01-15,4842.96,NGN
62,10,Wuse Market,Nigeria,2025-01-15,5438.56,NGN
63,10,Bodija Market,Nigeria,2025-01-15,4615.98,NGN
64,10,Makola Market,Ghana,2025-01-15,63.8,GHS
65,10,Wakulima Market,Kenya,2025-01-15,744.3,KES
66,10,Kongowea Market,Kenya,2025-01-15,595.62,KES
67,11,Mile 12 Market,Nigeria,2025-01-15,1290.99,NGN
68,11,Wuse Market,Nigeria,2025-01-15,1542.19,NGN
69,11,Bodija Market,Nigeria,2025-01-15,1472.29,NGN
70,11,Makola Market,Ghana,2025-01-15,17.51,GHS
71,11,Kumasi Central,Ghana,2025-01-15,15.23,GHS
72,11,Wakulima Market,Kenya,2025-01-15,198.36,KES
73,11,Kongowea Market,Kenya,2025-01-15,201.24,KES
74,12,Mile 12 Market,Nigeria,2025-01-15,921.49,NGN
75,12,Wuse Market,Nigeria,2025-01-15,864.39,NGN
76,12,Bodija Market,Nigeria,2025-01-15,791.34,NGN
77,12,Makola Market,Ghana,2025-01-15,10.48,GHS
78,12,Kumasi Central,Ghana,2025-01-15,12.09,GHS
79,12,Wakulima Market,Kenya,2025-01-15,100.74,KES
80,12,Kongowea Market,Kenya,2025-01-15,130.14,KES
81,1,Mile 12 Market,Nigeria,2025-02-15,1852.6,NGN
82,1,Wuse Market,Nigeria,2025-02-15,1861.35,NGN
83,1,Bodija Market,Nigeria,2025-02-15,1778.49,NGN
84,1,Makola Market,Ghana,2025-02-15,19.02,GHS
85,1,Kumasi Central,Ghana,2025-02-15,16.22,GHS
86,1,Wakulima Market,Kenya,2025-02-15,202.3,KES
87,1,Kongowea Market,Kenya,2025-02-15,194.49,KES
88,2,Mile 12 Market,Nigeria,2025-02-15,2128.8,NGN
89,2,Bodija Market,Nigeria,2025-02-15,2423.48,NGN
90,2,Kumasi Central,Ghana,2025-02-15,27.57,GHS
91,2,Wakulima Market,Kenya,2025-02-15,315.22,KES
92,2,Kongowea Market,Kenya,2025-02-15,327.83,KES
93,3,Mile 12 Market,Nigeria,2025-02-15,746.03,NGN
94,3,Wuse Market,Nigeria,2025-02-15,734.34,NGN
95,3,Bodija Market,Nigeria,2025-02-15,752.15,NGN
96,3,Makola Market,Ghana,2025-02-15,10.76,GHS
97,3,Kumasi Central,Ghana,2025-02-15,8.29,GHS
98,3,Wakulima Market,Kenya,2025-02-15,86.14,KES
99,3,Kongowea Market,Kenya,2025-02-15,116.89,KES
100,4,Mile 12 Market,Nigeria,2025-02-15,1294.47,NGN
101,4,Wuse Market,Nigeria,2025-02-15,1542.84,NGN
102,4,Bodija Market,Nigeria,2025-02-15,1394.67,NGN
103,4,Makola Market,Ghana,2025-02-15,19.41,GHS
104,4,Kumasi Central,Ghana,2025-02-15,15.2,GHS
105,4,Wakulima Market,Kenya,2025-02-15,172.55,KES
106,4,Kongowea Market,Kenya,2025-02-15,192.45,KES
107,5,Wuse Market,Nigeria,2025-02-15,650.4,NGN
108,5,Bodija Market,Nigeria,2025-02-15,557.06,NGN
109,5,Kumasi Central,Ghana,2025-02-15,7.9,GHS
110,5,Wakulima Market,Kenya,2025-02-15,77.68,KES
111,5,Kongowea Market,Kenya,2025-02-15,80.26,KES
112,6,Mile 12 Market,Nigeria,2025-02-15,1610.05,NGN
113,6,Wuse Market,Nigeria,2025-02-15,1807.25,NGN
114,6,Bodija Market,Nigeria,2025-02-15,1715.1,NGN
115,6,Makola Market,Ghana,2025-02-15,18.43,GHS
116,6,Kumasi Central,Ghana,2025-02-15,22.77,GHS
117,6,Wakulima Market,Kenya,2025-02-15,214.66,KES
118,6,Kongowea Market,Kenya,2025-02-15,213.8,KES
119,7,Mile 12 Market,Nigeria,2025-02-15,1201.86,NGN
120,7,Wuse Market,Nigeria,2025-02-15,1194.14,NGN
121,7,Bodija Market,Nigeria,2025-02-15,1082.69,NGN
122,7,Makola Market,Ghana,2025-02-15,16.15,GHS
123,7,Kumasi Central,Ghana,2025-02-15,13.12,GHS
124,7,Wakulima Market,Kenya,2025-02-15,170.21,KES
125,7,Kongowea Market,Kenya,2025-02-15,160.48,KES
126,8,Mile 12 Market,Nigeria,2025-02-15,1842.55,NGN
127,8,Wuse Market,Nigeria,2025-02-15,2053.62,NGN
128,8,Bodija Market,Nigeria,2025-02-15,2018.03,NGN
129,8,Makola Market,Ghana,2025-02-15,21.45,GHS
130,8,Kumasi Central,Ghana,2025-02-15,20.46,GHS
131,8,Wakulima Market,Kenya,2025-02-15,250.69,KES
132,8,Kongowea Market,Kenya,2025-02-15,219.31,KES
133,9,Mile 12 Market,Nigeria,2025-02-15,4910.72,NGN
134,9,Wuse Market,Nigeria,2025-02-15,4680.52,NGN
135,9,Bodija Market,Nigeria,2025-02-15,4916.2,NGN
136,9,Makola Market,Ghana,2025-02-15,54.97,GHS
137,9,Wakulima Market,Kenya,2025-02-15,545.24,KES
138,9,Kongowea Market,Kenya,2025-02-15,599.51,KES
139,10,Mile 12 Market,Nigeria,2025-02-15,4866.15,NGN
140,10,Wuse Market,Nigeria,2025-02-15,6216.06,NGN
141,10,Bodija Market,Nigeria,2025-02-15,5167.54,NGN
142,10,Makola Market,Ghana,2025-02-15,58.96,GHS
143,10,Kumasi Central,Ghana,2025-02-15,59.45,GHS
144,10,Wakulima Market,Kenya,2025-02-15,581.83,KES
145,11,Mile 12 Market,Nigeria,2025-02-15,1346.46,NGN
146,11,Wuse Market,Nigeria,2025-02-15,1503.68,NGN
147,11,Makola Market,Ghana,2025-02-15,16.44,GHS
148,11,Kumasi Central,Ghana,2025-02-15,17.18,GHS
149,11,Wakulima Market,Kenya,2025-02-15,219.78,KES
150,11,Kongowea Market,Kenya,2025-02-15,205.02,KES
151,12,Mile 12 Market,Nigeria,2025-02-15,1064.1,NGN
152,12,Wuse Market,Nigeria,2025-02-15,1091.38,NGN
153,12,Bodija Market,Nigeria,2025-02-15,1080.89,NGN
154,12,Makola Market,Ghana,2025-02-15,9.47,GHS
155,12,Kumasi Central,Ghana,2025-02-15,10.48,GHS
156,12,Wakulima Market,Kenya,2025-02-15,101.77,KES
157,1,Mile 12 Market,Nigeria,2025-03-15,1599.01,NGN
158,1,Wuse Market,Nigeria,2025-03-15,1467.41,NGN
159,1,Bodija Market,Nigeria,2025-03-15,1846.22,NGN
160,1,Makola Market,Ghana,2025-03-15,19.87,GHS
161,1,Kumasi Central,Ghana,2025-03-15,21.43,GHS
162,1,Wakulima Market,Kenya,2025-03-15,204.57,KES
163,1,Kongowea Market,Kenya,2025-03-15,189.02,KES
164,2,Mile 12 Market,Nigeria,2025-03-15,2619.11,NGN
165,2,Wuse Market,Nigeria,2025-03-15,2668.03,NGN
166,2,Bodija Market,Nigeria,2025-03-15,2602.88,NGN
167,2,Makola Market,Ghana,2025-03-15,24.66,GHS
168,2,Kumasi Central,Ghana,2025-03-15,30.54,GHS
169,2,Wakulima Market,Kenya,2025-03-15,328.94,KES
170,2,Kongowea Market,Kenya,2025-03-15,291.37,KES
171,3,Mile 12 Market,Nigeria,2025-03-15,723.94,NGN
172,3,Wuse Market,Nigeria,2025-03-15,719.38,NGN
173,3,Bodija Market,Nigeria,2025-03-15,779.27,NGN
174,3,Makola Market,Ghana,2025-03-15,9.49,GHS
175,3,Kumasi Central,Ghana,2025-03-15,9.86,GHS
176,3,Wakulima Market,Kenya,2025-03-15,90.28,KES
177,3,Kongowea Market,Kenya,2025-03-15,116.34,KES
178,4,Mile 12 Market,Nigeria,2025-03-15,1524.65,NGN
179,4,Wuse Market,Nigeria,2025-03-15,1496.97,NGN
180,4,Bodija Market,Nigeria,2025-03-15,1368.91,NGN
181,4,Makola Market,Ghana,2025-03-15,18.73,GHS
182,4,Kumasi Central,Ghana,2025-03-15,19.08,GHS
183,4,Wakulima Market,Kenya,2025-03-15,170.46,KES
184,4,Kongowea Market,Kenya,2025-03-15,179.14,KES
185,5,Mile 12 Market,Nigeria,2025-03-15,683.85,NGN
186,5,Wuse Market,Nigeria,2025-03-15,608.67,NGN
187,5,Bodija Market,Nigeria,2025-03-15,536.07,NGN
188,5,Makola Market,Ghana,2025-03-15,6.84,GHS
189,5,Kumasi Central,Ghana,2025-03-15,7.81,GHS
190,5,Wakulima Market,Kenya,2025-03-15,75.75,KES
191,5,Kongowea Market,Kenya,2025-03-15,78.02,KES
192,6,Mile 12 Market,Nigeria,2025-03-15,1727.9,NGN
193,6,Wuse Market,Nigeria,2025-03-15,1614.61,NGN
194,6,Bodija Market,Nigeria,2025-03-15,1552.72,NGN
195,6,Makola Market,Ghana,2025-03-15,18.29,GHS
196,6,Kumasi Central,Ghana,2025-03-15,22.01,GHS
197,6,Wakulima Market,Kenya,2025-03-15,189.54,KES
198,6,Kongowea Market,Kenya,2025-03-15,227.56,KES
199,7,Mile 12 Market,Nigeria,2025-03-15,1265.24,NGN
200,7,Wuse Market,Nigeria,2025-03-15,1086.79,NGN
201,7,Bodija Market,Nigeria,2025-03-15,1125.97,NGN
202,7,Kumasi Central,Ghana,2025-03-15,13.93,GHS
203,7,Wakulima Market,Kenya,2025-03-15,151.96,KES
204,7,Kongowea Market,Kenya,2025-03-15,154.84,KES
205,8,Mile 12 Market,Nigeria,2025-03-15,2093.95,NGN
206,8,Wuse Market,Nigeria,2025-03-15,2075.93,NGN
207,8,Bodija Market,Nigeria,2025-03-15,1779.8,NGN
208,8,Makola Market,Ghana,2025-03-15,21.14,GHS
209,8,Kumasi Central,Ghana,2025-03-15,25.5,GHS
210,8,Wakulima Market,Kenya,2025-03-15,235.12,KES
211,8,Kongowea Market,Kenya,2025-03-15,257.74,KES
212,9,Mile 12 Market,Nigeria,2025-03-15,4300.45,NGN
213,9,Wuse Market,Nigeria,2025-03-15,4021.93,NGN
214,9,Bodija Market,Nigeria,2025-03-15,4090.02,NGN
215,9,Makola Market,Ghana,2025-03-15,58.07,GHS
216,9,Kumasi Central,Ghana,2025-03-15,44.17,GHS
217,9,Wakulima Market,Kenya,2025-03-15,625.69,KES
218,9,Kongowea Market,Kenya,2025-03-15,527.99,KES
219,10,Mile 12 Market,Nigeria,2025-03-15,5397.19,NGN
220,10,Wuse Market,Nigeria,2025-03-15,6458.61,NGN
221,10,Bodija Market,Nigeria,2025-03-15,4824.24,NGN
222,10,Makola Market,Ghana,2025-03-15,64.77,GHS
223,10,Kumasi Central,Ghana,2025-03-15,63.24,GHS
224,10,Wakulima Market,Kenya,2025-03-15,597.91,KES
225,10,Kongowea Market,Kenya,2025-03-15,681.91,KES
226,11,Mile 12 Market,Nigeria,2025-03-15,1367.01,NGN
227,11,Wuse Market,Nigeria,2025-03-15,1710.98,NGN
228,11,Bodija Market,Nigeria,2025-03-15,1435.93,NGN
229,11,Makola Market,Ghana,2025-03-15,15.96,GHS
230,11,Kumasi Central,Ghana,2025-03-15,15.39,GHS
231,11,Wakulima Market,Kenya,2025-03-15,176.19,KES
232,11,Kongowea Market,Kenya,2025-03-15,223.46,KES
233,12,Mile 12 Market,Nigeria,2025-03-15,826.08,NGN
234,12,Wuse Market,Nigeria,2025-03-15,813.61,NGN
235,12,Bodija Market,Nigeria,2025-03-15,949.88,NGN
236,12,Kumasi Central,Ghana,2025-03-15,10.45,GHS
237,12,Wakulima Market,Kenya,2025-03-15,129.13,KES
238,12,Kongowea Market,Kenya,2025-03-15,119.37,KES
239,1,Mile 12 Market,Nigeria,2025-04-15,1556.13,NGN
240,1,Wuse Market,Nigeria,2025-04-15,1419.14,NGN
241,1,Bodija Market,Nigeria,2025-04-15,1525.01,NGN
242,1,Makola Market,Ghana,2025-04-15,18.85,GHS
243,1,Kumasi Central,Ghana,2025-04-15,20.51,GHS
244,1,Kongowea Market,Kenya,2025-04-15,200.18,KES
245,2,Mile 12 Market,Nigeria,2025-04-15,1999.12,NGN
246,2,Wuse Market,Nigeria,2025-04-15,2492.53,NGN
247,2,Bodija Market,Nigeria,2025-04-15,2449.37,NGN
248,2,Makola Market,Ghana,2025-04-15,25.06,GHS
249,2,Kumasi Central,Ghana,2025-04-15,29.07,GHS
250,2,Wakulima Market,Kenya,2025-04-15,315.03,KES
251,2,Kongowea Market,Kenya,2025-04-15,294.28,KES
252,3,Mile 12 Market,Nigeria,2025-04-15,835.27,NGN
253,3,Wuse Market,Nigeria,2025-04-15,877.21,NGN
254,3,Bodija Market,Nigeria,2025-04-15,710.01,NGN
255,3,Makola Market,Ghana,2025-04-15,9.79,GHS
256,3,Kumasi Central,Ghana,2025-04-15,8.0,GHS
257,3,Wakulima Market,Kenya,2025-04-15,106.84,KES
258,3,Kongowea Market,Kenya,2025-04-15,117.14,KES
259,4,Mile 12 Market,Nigeria,2025-04-15,1699.28,NGN
260,4,Wuse Market,Nigeria,2025-04-15,1716.78,NGN
261,4,Bodija Market,Nigeria,2025-04-15,1245.79,NGN
262,4,Makola Market,Ghana,2025-04-15,16.19,GHS
263,4,Kumasi Central,Ghana,2025-04-15,18.92,GHS
264,4,Wakulima Market,Kenya,2025-04-15,184.81,KES
265,4,Kongowea Market,Kenya,2025-04-15,165.03,KES
266,5,Mile 12 Market,Nigeria,2025-04-15,520.11,NGN
267,5,Wuse Market,Nigeria,2025-04-15,576.22,NGN
268,5,Bodija Market,Nigeria,2025-04-15,646.5,NGN
269,5,Makola Market,Ghana,2025-04-15,8.17,GHS
270,5,Kumasi Central,Ghana,2025-04-15,7.66,GHS
271,5,Wakulima Market,Kenya,2025-04-15,86.06,KES
272,5,Kongowea Market,Kenya,2025-04-15,87.23,KES
273,6,Mile 12 Market,Nigeria,2025-04-15,1670.36,NGN
274,6,Wuse Market,Nigeria,2025-04-15,1696.26,NGN
275,6,Bodija Market,Nigeria,2025-04-15,1850.58,NGN
276,6,Makola Market,Ghana,2025-04-15,20.48,GHS
277,6,Kumasi Central,Ghana,2025-04-15,19.16,GHS
278,6,Wakulima Market,Kenya,2025-04-15,212.33,KES
279,6,Kongowea Market,Kenya,2025-04-15,245.3,KES
280,7,Mile 12 Market,Nigeria,2025-04-15,1030.19,NGN
281,7,Wuse Market,Nigeria,2025-04-15,1035.85,NGN
282,7,Bodija Market,Nigeria,2025-04-15,1288.71,NGN
283,7,Makola Market,Ghana,2025-04-15,12.53,GHS
284,7,Kumasi Central,Ghana,2025-04-15,13.55,GHS
285,7,Wakulima Market,Kenya,2025-04-15,168.67,KES
286,7,Kongowea Market,Kenya,2025-04-15,169.67,KES
287,8,Mile 12 Market,Nigeria,2025-04-15,1981.74,NGN
288,8,Wuse Market,Nigeria,2025-04-15,2107.89,NGN
289,8,Bodija Market,Nigeria,2025-04-15,1819.24,NGN
290,8,Makola Market,Ghana,2025-04-15,21.22,GHS
291,8,Kumasi Central,Ghana,2025-04-15,23.5,GHS
292,8,Wakulima Market,Kenya,2025-04-15,252.17,KES
293,8,Kongowea Market,Kenya,2025-04-15,247.17,KES
294,9,Mile 12 Market,Nigeria,2025-04-15,3900.66,NGN
295,9,Wuse Market,Nigeria,2025-04-15,3763.14,NGN
296,9,Bodija Market,Nigeria,2025-04-15,4365.71,NGN
297,9,Makola Market,Ghana,2025-04-15,44.41,GHS
298,9,Kumasi Central,Ghana,2025-04-15,51.31,GHS
299,9,Wakulima Market,Kenya,2025-04-15,585.78,KES
300,9,Kongowea Market,Kenya,2025-04-15,591.78,KES
301,10,Mile 12 Market,Nigeria,2025-04-15,6370.51,NGN
302,10,Wuse Market,Nigeria,2025-04-15,4995.67,NGN
303,10,Makola Market,Ghana,2025-04-15,62.7,GHS
304,10,Kumasi Central,Ghana,2025-04-15,57.54,GHS
305,10,Wakulima Market,Kenya,2025-04-15,638.44,KES
306,10,Kongowea Market,Kenya,2025-04-15,772.84,KES
307,11,Mile 12 Market,Nigeria,2025-04-15,1505.91,NGN
308,11,Wuse Market,Nigeria,2025-04-15,1743.87,NGN
309,11,Bodija Market,Nigeria,2025-04-15,1321.92,NGN
310,11,Makola Market,Ghana,2025-04-15,17.62,GHS
311,11,Kumasi Central,Ghana,2025-04-15,16.85,GHS
312,11,Wakulima Market,Kenya,2025-04-15,221.06,KES
313,11,Kongowea Market,Kenya,2025-04-15,195.51,KES
314,12,Mile 12 Market,Nigeria,2025-04-15,1083.68,NGN
315,12,Wuse Market,Nigeria,2025-04-15,1067.46,NGN
316,12,Bodija Market,Nigeria,2025-04-15,1040.05,NGN
317,12,Makola Market,Ghana,2025-04-15,12.39,GHS
318,12,Kumasi Central,Ghana,2025-04-15,11.78,GHS
319,12,Wakulima Market,Kenya,2025-04-15,104.06,KES
320,12,Kongowea Market,Kenya,2025-04-15,130.02,KES
321,1,Mile 12 Market,Nigeria,2025-05-15,1713.12,NGN
322,1,Wuse Market,Nigeria,2025-05-15,1304.59,NGN
323,1,Bodija Market,Nigeria,2025-05-15,1767.82,NGN
324,1,Makola Market,Ghana,2025-05-15,17.0,GHS
325,1,Kumasi Central,Ghana,2025-05-15,19.1,GHS
326,1,Wakulima Market,Kenya,2025-05-15,207.66,KES
327,1,Kongowea Market,Kenya,2025-05-15,221.58,KES
328,2,Mile 12 Market,Nigeria,2025-05-15,2358.04,NGN
329,2,Wuse Market,Nigeria,2025-05-15,2316.96,NGN
330,2,Makola Market,Ghana,2025-05-15,23.68,GHS
331,2,Kumasi Central,Ghana,2025-05-15,28.71,GHS
332,2,Wakulima Market,Kenya,2025-05-15,256.36,KES
333,2,Kongowea Market,Kenya,2025-05-15,254.07,KES
334,3,Mile 12 Market,Nigeria,2025-05-15,889.27,NGN
335,3,Wuse Market,Nigeria,2025-05-15,740.34,NGN
336,3,Bodija Market,Nigeria,2025-05-15,726.03,NGN
337,3,Makola Market,Ghana,2025-05-15,7.93,GHS
338,3,Kumasi Central,Ghana,2025-05-15,10.5,GHS
339,3,Wakulima Market,Kenya,2025-05-15,92.16,KES
340,3,Kongowea Market,Kenya,2025-05-15,94.5,KES
341,4,Mile 12 Market,Nigeria,2025-05-15,1344.38,NGN
342,4,Wuse Market,Nigeria,2025-05-15,1401.18,NGN
343,4,Bodija Market,Nigeria,2025-05-15,1444.55,NGN
344,4,Makola Market,Ghana,2025-05-15,16.22,GHS
345,4,Kumasi Central,Ghana,2025-05-15,17.43,GHS
346,4,Wakulima Market,Kenya,2025-05-15,185.26,KES
347,4,Kongowea Market,Kenya,2025-05-15,202.8,KES
348,5,Mile 12 Market,Nigeria,2025-05-15,505.28,NGN
349,5,Wuse Market,Nigeria,2025-05-15,644.69,NGN
350,5,Bodija Market,Nigeria,2025-05-15,489.64,NGN
351,5,Makola Market,Ghana,2025-05-15,5.9,GHS
352,5,Kumasi Central,Ghana,2025-05-15,7.05,GHS
353,5,Wakulima Market,Kenya,2025-05-15,75.78,KES
354,5,Kongowea Market,Kenya,2025-05-15,79.85,KES
355,6,Mile 12 Market,Nigeria,2025-05-15,1870.33,NGN
356,6,Wuse Market,Nigeria,2025-05-15,1829.49,NGN
357,6,Bodija Market,Nigeria,2025-05-15,1468.04,NGN
358,6,Makola Market,Ghana,2025-05-15,22.45,GHS
359,6,Kumasi Central,Ghana,2025-05-15,21.45,GHS
360,6,Wakulima Market,Kenya,2025-05-15,237.63,KES
361,6,Kongowea Market,Kenya,2025-05-15,229.22,KES
362,7,Mile 12 Market,Nigeria,2025-05-15,1328.05,NGN
363,7,Wuse Market,Nigeria,2025-05-15,1164.83,NGN
364,7,Bodija Market,Nigeria,2025-05-15,1221.92,NGN
365,7,Makola Market,Ghana,2025-05-15,15.33,GHS
366,7,Kumasi Central,Ghana,2025-05-15,14.32,GHS
367,7,Kongowea Market,Kenya,2025-05-15,123.18,KES
368,8,Wuse Market,Nigeria,2025-05-15,2222.89,NGN
369,8,Bodija Market,Nigeria,2025-05-15,2158.14,NGN
370,8,Makola Market,Ghana,2025-05-15,20.85,GHS
371,8,Kumasi Central,Ghana,2025-05-15,22.82,GHS
372,8,Wakulima Market,Kenya,2025-05-15,241.31,KES
373,8,Kongowea Market,Kenya,2025-05-15,241.47,KES
374,9,Mile 12 Market,Nigeria,2025-05-15,4711.65,NGN
375,9,Wuse Market,Nigeria,2025-05-15,4721.66,NGN
376,9,Bodija Market,Nigeria,2025-05-15,4437.86,NGN
377,9,Makola Market,Ghana,2025-05-15,45.35,GHS
378,9,Kumasi Central,Ghana,2025-05-15,43.98,GHS
379,9,Wakulima Market,Kenya,2025-05-15,453.69,KES
380,9,Kongowea Market,Kenya,2025-05-15,529.35,KES
381,10,Mile 12 Market,Nigeria,2025-05-15,5744.63,NGN
382,10,Wuse Market,Nigeria,2025-05-15,5873.99,NGN
383,10,Bodija Market,Nigeria,2025-05-15,4987.78,NGN
384,10,Makola Market,Ghana,2025-05-15,52.23,GHS
385,10,Wakulima Market,Kenya,2025-05-15,587.04,KES
386,10,Kongowea Market,Kenya,2025-05-15,671.07,KES
387,11,Mile 12 Market,Nigeria,2025-05-15,1519.4,NGN
388,11,Bodija Market,Nigeria,2025-05-15,1718.1,NGN
389,11,Makola Market,Ghana,2025-05-15,18.89,GHS
390,11,Kumasi Central,Ghana,2025-05-15,18.18,GHS
391,11,Wakulima Market,Kenya,2025-05-15,167.12,KES
392,11,Kongowea Market,Kenya,2025-05-15,199.25,KES
393,12,Mile 12 Market,Nigeria,2025-05-15,867.94,NGN
394,12,Wuse Market,Nigeria,2025-05-15,772.05,NGN
395,12,Bodija Market,Nigeria,2025-05-15,799.08,NGN
396,12,Kumasi Central,Ghana,2025-05-15,11.8,GHS
397,12,Wakulima Market,Kenya,2025-05-15,128.66,KES
398,12,Kongowea Market,Kenya,2025-05-15,99.81,KES
399,1,Mile 12 Market,Nigeria,2025-06-15,1309.83,NGN
400,1,Wuse Market,Nigeria,2025-06-15,1625.37,NGN
401,1,Bodija Market,Nigeria,2025-06-15,1322.83,NGN
402,1,Makola Market,Ghana,2025-06-15,18.69,GHS
403,1,Kumasi Central,Ghana,2025-06-15,16.98,GHS
404,1,Wakulima Market,Kenya,2025-06-15,165.49,KES
405,1,Kongowea Market,Kenya,2025-06-15,205.85,KES
406,2,Mile 12 Market,Nigeria,2025-06-15,2097.46,NGN
407,2,Wuse Market,Nigeria,2025-06-15,1992.04,NGN
408,2,Bodija Market,Nigeria,2025-06-15,2242.15,NGN
409,2,Makola Market,Ghana,2025-06-15,27.74,GHS
410,2,Kumasi Central,Ghana,2025-06-15,23.6,GHS
411,2,Wakulima Market,Kenya,2025-06-15,309.31,KES
412,2,Kongowea Market,Kenya,2025-06-15,223.56,KES
413,3,Mile 12 Market,Nigeria,2025-06-15,672.47,NGN
414,3,Wuse Market,Nigeria,2025-06-15,756.01,NGN
415,3,Bodija Market,Nigeria,2025-06-15,735.08,NGN
416,3,Makola Market,Ghana,2025-06-15,7.74,GHS
417,3,Kumasi Central,Ghana,2025-06-15,9.63,GHS
418,3,Kongowea Market,Kenya,2025-06-15,78.98,KES
419,4,Mile 12 Market,Nigeria,2025-06-15,1177.14,NGN
420,4,Wuse Market,Nigeria,2025-06-15,1208.79,NGN
421,4,Bodija Market,Nigeria,2025-06-15,1430.44,NGN
422,4,Makola Market,Ghana,2025-06-15,15.46,GHS
423,4,Kumasi Central,Ghana,2025-06-15,15.31,GHS
424,4,Wakulima Market,Kenya,2025-06-15,190.47,KES
425,4,Kongowea Market,Kenya,2025-06-15,151.02,KES
426,5,Mile 12 Market,Nigeria,2025-06-15,586.84,NGN
427,5,Wuse Market,Nigeria,2025-06-15,477.34,NGN
428,5,Bodija Market,Nigeria,2025-06-15,563.71,NGN
429,5,Makola Market,Ghana,2025-06-15,5.78,GHS
430,5,Kumasi Central,Ghana,2025-06-15,6.26,GHS
431,5,Wakulima Market,Kenya,2025-06-15,70.66,KES
432,5,Kongowea Market,Kenya,2025-06-15,64.48,KES
433,6,Mile 12 Market,Nigeria,2025-06-15,1523.19,NGN
434,6,Wuse Market,Nigeria,2025-06-15,1507.68,NGN
435,6,Bodija Market,Nigeria,2025-06-15,1747.8,NGN
436,6,Makola Market,Ghana,2025-06-15,20.81,GHS
437,6,Kumasi Central,Ghana,2025-06-15,16.99,GHS
438,6,Wakulima Market,Kenya,2025-06-15,204.61,KES
439,6,Kongowea Market,Kenya,2025-06-15,226.91,KES
440,7,Mile 12 Market,Nigeria,2025-06-15,1059.96,NGN
441,7,Wuse Market,Nigeria,2025-06-15,1206.34,NGN
442,7,Bodija Market,Nigeria,2025-06-15,984.26,NGN
443,7,Makola Market,Ghana,2025-06-15,11.6,GHS
444,7,Kumasi Central,Ghana,2025-06-15,11.31,GHS
445,7,Wakulima Market,Kenya,2025-06-15,115.18,KES
446,7,Kongowea Market,Kenya,2025-06-15,146.68,KES
447,8,Mile 12 Market,Nigeria,2025-06-15,1929.31,NGN
448,8,Wuse Market,Nigeria,2025-06-15,1723.8,NGN
449,8,Bodija Market,Nigeria,2025-06-15,1755.08,NGN
450,8,Makola Market,Ghana,2025-06-15,20.0,GHS
451,8,Kumasi Central,Ghana,2025-06-15,23.57,GHS
452,8,Wakulima Market,Kenya,2025-06-15,259.57,KES
453,8,Kongowea Market,Kenya,2025-06-15,241.66,KES
454,9,Mile 12 Market,Nigeria,2025-06-15,4128.4,NGN
455,9,Wuse Market,Nigeria,2025-06-15,4294.73,NGN
456,9,Bodija Market,Nigeria,2025-06-15,3326.93,NGN
457,9,Makola Market,Ghana,2025-06-15,38.77,GHS
458,9,Kumasi Central,Ghana,2025-06-15,39.84,GHS
459,9,Wakulima Market,Kenya,2025-06-15,503.27,KES
460,9,Kongowea Market,Kenya,2025-06-15,445.45,KES
461,10,Bodija Market,Nigeria,2025-06-15,5116.8,NGN
462,10,Kumasi Central,Ghana,2025-06-15,51.27,GHS
463,10,Wakulima Market,Kenya,2025-06-15,530.26,KES
464,10,Kongowea Market,Kenya,2025-06-15,629.81,KES
465,11,Mile 12 Market,Nigeria,2025-06-15,1180.41,NGN
466,11,Wuse Market,Nigeria,2025-06-15,1550.91,NGN
467,11,Bodija Market,Nigeria,2025-06-15,1310.07,NGN
468,11,Makola Market,Ghana,2025-06-15,15.52,GHS
469,11,Kumasi Central,Ghana,2025-06-15,17.8,GHS
470,11,Wakulima Market,Kenya,2025-06-15,149.3,KES
471,11,Kongowea Market,Kenya,2025-06-15,202.64,KES
472,12,Mile 12 Market,Nigeria,2025-06-15,891.71,NGN
473,12,Wuse Market,Nigeria,2025-06-15,947.7,NGN
474,12,Bodija Market,Nigeria,2025-06-15,742.48,NGN
475,12,Makola Market,Ghana,2025-06-15,11.0,GHS
476,12,Kumasi Central,Ghana,2025-06-15,11.54,GHS
477,12,Wakulima Market,Kenya,2025-06-15,114.35,KES
478,12,Kongowea Market,Kenya,2025-06-15,92.3,KES
479,1,Mile 12 Market,Nigeria,2025-07-15,1513.4,NGN
480,1,Wuse Market,Nigeria,2025-07-15,1390.68,NGN
481,1,Makola Market,Ghana,2025-07-15,13.7,GHS
482,1,Kumasi Central,Ghana,2025-07-15,13.65,GHS
483,1,Kongowea Market,Kenya,2025-07-15,158.55,KES
484,2,Mile 12 Market,Nigeria,2025-07-15,2193.58,NGN
485,2,Wuse Market,Nigeria,2025-07-15,2133.02,NGN
486,2,Bodija Market,Nigeria,2025-07-15,2057.97,NGN
487,2,Makola Market,Ghana,2025-07-15,22.0,GHS
488,2,Kumasi Central,Ghana,2025-07-15,24.01,GHS
489,2,Wakulima Market,Kenya,2025-07-15,282.65,KES
490,2,Kongowea Market,Kenya,2025-07-15,264.15,KES
491,3,Mile 12 Market,Nigeria,2025-07-15,629.0,NGN
492,3,Wuse Market,Nigeria,2025-07-15,684.74,NGN
493,3,Bodija Market,Nigeria,2025-07-15,747.85,NGN
494,3,Makola Market,Ghana,2025-07-15,6.95,GHS
495,3,Kumasi Central,Ghana,2025-07-15,8.57,GHS
496,3,Wakulima Market,Kenya,2025-07-15,95.24,KES
497,3,Kongowea Market,Kenya,2025-07-15,89.98,KES
498,4,Mile 12 Market,Nigeria,2025-07-15,1339.24,NGN
499,4,Wuse Market,Nigeria,2025-07-15,1257.2,NGN
500,4,Bodija Market,Nigeria,2025-07-15,1329.23,NGN
501,4,Makola Market,Ghana,2025-07-15,14.14,GHS
502,4,Kumasi Central,Ghana,2025-07-15,13.93,GHS
503,4,Wakulima Market,Kenya,2025-07-15,170.82,KES
504,4,Kongowea Market,Kenya,2025-07-15,147.87,KES
505,5,Mile 12 Market,Nigeria,2025-07-15,550.14,NGN
506,5,Wuse Market,Nigeria,2025-07-15,573.47,NGN
507,5,Bodija Market,Nigeria,2025-07-15,453.25,NGN
508,5,Makola Market,Ghana,2025-07-15,5.79,GHS
509,5,Kumasi Central,Ghana,2025-07-15,6.25,GHS
510,5,Wakulima Market,Kenya,2025-07-15,62.31,KES
511,5,Kongowea Market,Kenya,2025-07-15,62.79,KES
512,6,Mile 12 Market,Nigeria,2025-07-15,1706.88,NGN
513,6,Wuse Market,Nigeria,2025-07-15,1295.83,NGN
514,6,Bodija Market,Nigeria,2025-07-15,1298.3,NGN
515,6,Makola Market,Ghana,2025-07-15,14.64,GHS
516,6,Kumasi Central,Ghana,2025-07-15,16.05,GHS
517,6,Wakulima Market,Kenya,2025-07-15,187.92,KES
518,6,Kongowea Market,Kenya,2025-07-15,162.96,KES
519,7,Mile 12 Market,Nigeria,2025-07-15,981.66,NGN
520,7,Wuse Market,Nigeria,2025-07-15,995.9,NGN
521,7,Bodija Market,Nigeria,2025-07-15,974.73,NGN
522,7,Makola Market,Ghana,2025-07-15,11.51,GHS
523,7,Wakulima Market,Kenya,2025-07-15,146.73,KES
524,7,Kongowea Market,Kenya,2025-07-15,115.8,KES
525,8,Mile 12 Market,Nigeria,2025-07-15,1645.34,NGN
526,8,Wuse Market,Nigeria,2025-07-15,1785.37,NGN
527,8,Bodija Market,Nigeria,2025-07-15,1514.91,NGN
528,8,Makola Market,Ghana,2025-07-15,18.09,GHS
529,8,Kumasi Central,Ghana,2025-07-15,23.36,GHS
530,8,Wakulima Market,Kenya,2025-07-15,202.99,KES
531,8,Kongowea Market,Kenya,2025-07-15,205.63,KES
532,9,Mile 12 Market,Nigeria,2025-07-15,3901.4,NGN
533,9,Wuse Market,Nigeria,2025-07-15,3536.15,NGN
534,9,Bodija Market,Nigeria,2025-07-15,4049.76,NGN
535,9,Makola Market,Ghana,2025-07-15,42.68,GHS
536,9,Kumasi Central,Ghana,2025-07-15,38.62,GHS
537,9,Wakulima Market,Kenya,2025-07-15,488.62,KES
538,9,Kongowea Market,Kenya,2025-07-15,383.98,KES
539,10,Mile 12 Market,Nigeria,2025-07-15,5316.52,NGN
540,10,Wuse Market,Nigeria,2025-07-15,5059.07,NGN
541,10,Bodija Market,Nigeria,2025-07-15,4981.0,NGN
542,10,Makola Market,Ghana,2025-07-15,58.0,GHS
543,10,Kumasi Central,Ghana,2025-07-15,51.78,GHS
544,10,Wakulima Market,Kenya,2025-07-15,674.95,KES
545,10,Kongowea Market,Kenya,2025-07-15,573.02,KES
546,11,Wuse Market,Nigeria,2025-07-15,1479.87,NGN
547,11,Bodija Market,Nigeria,2025-07-15,1428.07,NGN
548,11,Kumasi Central,Ghana,2025-07-15,15.23,GHS
549,11,Kongowea Market,Kenya,2025-07-15,163.11,KES
550,12,Bodija Market,Nigeria,2025-07-15,746.9,NGN
551,12,Makola Market,Ghana,2025-07-15,9.36,GHS
552,12,Kumasi Central,Ghana,2025-07-15,10.19,GHS
553,12,Wakulima Market,Kenya,2025-07-15,110.08,KES
554,12,Kongowea Market,Kenya,2025-07-15,99.88,KES
555,1,Mile 12 Market,Nigeria,2025-08-15,1329.17,NGN
556,1,Wuse Market,Nigeria,2025-08-15,1204.76,NGN
557,1,Bodija Market,Nigeria,2025-08-15,1449.27,NGN
558,1,Makola Market,Ghana,2025-08-15,14.45,GHS
559,1,Kumasi Central,Ghana,2025-08-15,16.09,GHS
560,1,Wakulima Market,Kenya,2025-08-15,182.01,KES
561,1,Kongowea Market,Kenya,2025-08-15,151.47,KES
562,2,Mile 12 Market,Nigeria,2025-08-15,1996.8,NGN
563,2,Wuse Market,Nigeria,2025-08-15,1854.3,NGN
564,2,Bodija Market,Nigeria,2025-08-15,2216.81,NGN
565,2,Makola Market,Ghana,2025-08-15,18.88,GHS
566,2,Kumasi Central,Ghana,2025-08-15,23.7,GHS
567,2,Wakulima Market,Kenya,2025-08-15,215.95,KES
568,2,Kongowea Market,Kenya,2025-08-15,271.4,KES
569,3,Mile 12 Market,Nigeria,2025-08-15,571.38,NGN
570,3,Wuse Market,Nigeria,2025-08-15,681.87,NGN
571,3,Bodija Market,Nigeria,2025-08-15,742.65,NGN
572,3,Makola Market,Ghana,2025-08-15,8.57,GHS
573,3,Kumasi Central,Ghana,2025-08-15,8.66,GHS
574,3,Wakulima Market,Kenya,2025-08-15,77.36,KES
575,3,Kongowea Market,Kenya,2025-08-15,93.71,KES
576,4,Mile 12 Market,Nigeria,2025-08-15,1079.78,NGN
577,4,Wuse Market,Nigeria,2025-08-15,1279.35,NGN
578,4,Bodija Market,Nigeria,2025-08-15,1053.39,NGN
579,4,Makola Market,Ghana,2025-08-15,14.31,GHS
580,4,Kumasi Central,Ghana,2025-08-15,13.31,GHS
581,4,Wakulima Market,Kenya,2025-08-15,126.08,KES
582,4,Kongowea Market,Kenya,2025-08-15,132.85,KES
583,5,Mile 12 Market,Nigeria,2025-08-15,494.84,NGN
584,5,Wuse Market,Nigeria,2025-08-15,500.42,NGN
585,5,Bodija Market,Nigeria,2025-08-15,489.04,NGN
586,5,Makola Market,Ghana,2025-08-15,5.35,GHS
587,5,Kumasi Central,Ghana,2025-08-15,5.2,GHS
588,5,Wakulima Market,Kenya,2025-08-15,53.88,KES
589,5,Kongowea Market,Kenya,2025-08-15,51.51,KES
590,6,Mile 12 Market,Nigeria,2025-08-15,1572.97,NGN
591,6,Bodija Market,Nigeria,2025-08-15,1593.55,NGN
592,6,Makola Market,Ghana,2025-08-15,16.56,GHS
593,6,Kumasi Central,Ghana,2025-08-15,16.88,GHS
594,6,Wakulima Market,Kenya,2025-08-15,189.65,KES
595,6,Kongowea Market,Kenya,2025-08-15,190.79,KES
596,7,Mile 12 Market,Nigeria,2025-08-15,1115.86,NGN
597,7,Wuse Market,Nigeria,2025-08-15,832.86,NGN
598,7,Bodija Market,Nigeria,2025-08-15,902.03,NGN
599,7,Makola Market,Ghana,2025-08-15,11.04,GHS
600,7,Kumasi Central,Ghana,2025-08-15,12.97,GHS
601,7,Wakulima Market,Kenya,2025-08-15,139.56,KES
602,7,Kongowea Market,Kenya,2025-08-15,109.74,KES
603,8,Mile 12 Market,Nigeria,2025-08-15,1898.47,NGN
604,8,Wuse Market,Nigeria,2025-08-15,1493.25,NGN
605,8,Bodija Market,Nigeria,2025-08-15,1554.21,NGN
606,8,Makola Market,Ghana,2025-08-15,17.81,GHS
607,8,Kumasi Central,Ghana,2025-08-15,18.44,GHS
608,8,Wakulima Market,Kenya,2025-08-15,208.79,KES
609,8,Kongowea Market,Kenya,2025-08-15,230.88,KES
610,9,Mile 12 Market,Nigeria,2025-08-15,3033.85,NGN
611,9,Wuse Market,Nigeria,2025-08-15,3712.99,NGN
612,9,Bodija Market,Nigeria,2025-08-15,3702.8,NGN
613,9,Makola Market,Ghana,2025-08-15,38.81,GHS
614,9,Kumasi Central,Ghana,2025-08-15,46.86,GHS
615,9,Wakulima Market,Kenya,2025-08-15,495.13,KES
616,10,Mile 12 Market,Nigeria,2025-08-15,3876.05,NGN
617,10,Wuse Market,Nigeria,2025-08-15,5066.74,NGN
618,10,Bodija Market,Nigeria,2025-08-15,4591.69,NGN
619,10,Makola Market,Ghana,2025-08-15,54.26,GHS
620,10,Kumasi Central,Ghana,2025-08-15,58.62,GHS
621,10,Wakulima Market,Kenya,2025-08-15,622.11,KES
622,10,Kongowea Market,Kenya,2025-08-15,590.28,KES
623,11,Mile 12 Market,Nigeria,2025-08-15,1362.46,NGN
624,11,Wuse Market,Nigeria,2025-08-15,1393.55,NGN
625,11,Bodija Market,Nigeria,2025-08-15,1161.35,NGN
626,11,Makola Market,Ghana,2025-08-15,12.77,GHS
627,11,Kumasi Central,Ghana,2025-08-15,16.18,GHS
628,11,Wakulima Market,Kenya,2025-08-15,166.61,KES
629,11,Kongowea Market,Kenya,2025-08-15,137.58,KES
630,12,Mile 12 Market,Nigeria,2025-08-15,766.68,NGN
631,12,Wuse Market,Nigeria,2025-08-15,814.06,NGN
632,12,Bodija Market,Nigeria,2025-08-15,779.41,NGN
633,12,Makola Market,Ghana,2025-08-15,7.86,GHS
634,12,Kumasi Central,Ghana,2025-08-15,9.32,GHS
635,12,Wakulima Market,Kenya,2025-08-15,99.48,KES
636,12,Kongowea Market,Kenya,2025-08-15,109.05,KES
637,1,Mile 12 Market,Nigeria,2025-09-15,1337.92,NGN
638,1,Wuse Market,Nigeria,2025-09-15,1105.2,NGN
639,1,Bodija Market,Nigeria,2025-09-15,1445.07,NGN
640,1,Makola Market,Ghana,2025-09-15,13.77,GHS
641,1,Kumasi Central,Ghana,2025-09-15,12.69,GHS
642,1,Wakulima Market,Kenya,2025-09-15,155.06,KES
643,1,Kongowea Market,Kenya,2025-09-15,150.32,KES
644,2,Mile 12 Market,Nigeria,2025-09-15,1683.04,NGN
645,2,Wuse Market,Nigeria,2025-09-15,2087.78,NGN
646,2,Bodija Market,Nigeria,2025-09-15,1944.49,NGN
647,2,Makola Market,Ghana,2025-09-15,23.01,GHS
648,2,Kumasi Central,Ghana,2025-09-15,19.37,GHS
649,2,Kongowea Market,Kenya,2025-09-15,253.11,KES
650,3,Mile 12 Market,Nigeria,2025-09-15,645.51,NGN
651,3,Wuse Market,Nigeria,2025-09-15,580.45,NGN
652,3,Bodija Market,Nigeria,2025-09-15,599.08,NGN
653,3,Makola Market,Ghana,2025-09-15,7.72,GHS
654,3,Kumasi Central,Ghana,2025-09-15,6.95,GHS
655,3,Wakulima Market,Kenya,2025-09-15,88.23,KES
656,3,Kongowea Market,Kenya,2025-09-15,88.58,KES
657,4,Mile 12 Market,Nigeria,2025-09-15,1096.0,NGN
658,4,Wuse Market,Nigeria,2025-09-15,1136.64,NGN
659,4,Bodija Market,Nigeria,2025-09-15,1000.43,NGN
660,4,Makola Market,Ghana,2025-09-15,14.46,GHS
661,4,Kumasi Central,Ghana,2025-09-15,15.58,GHS
662,4,Wakulima Market,Kenya,2025-09-15,130.09,KES
663,4,Kongowea Market,Kenya,2025-09-15,145.38,KES
664,5,Wuse Market,Nigeria,2025-09-15,482.43,NGN
665,5,Bodija Market,Nigeria,2025-09-15,436.97,NGN
666,5,Makola Market,Ghana,2025-09-15,5.67,GHS
667,5,Kumasi Central,Ghana,2025-09-15,5.03,GHS
668,5,Wakulima Market,Kenya,2025-09-15,63.35,KES
669,5,Kongowea Market,Kenya,2025-09-15,59.5,KES
670,6,Mile 12 Market,Nigeria,2025-09-15,1230.32,NGN
671,6,Wuse Market,Nigeria,2025-09-15,1465.17,NGN
672,6,Bodija Market,Nigeria,2025-09-15,1197.78,NGN
673,6,Makola Market,Ghana,2025-09-15,16.17,GHS
674,6,Kumasi Central,Ghana,2025-09-15,16.82,GHS
675,6,Wakulima Market,Kenya,2025-09-15,185.98,KES
676,6,Kongowea Market,Kenya,2025-09-15,183.17,KES
677,7,Mile 12 Market,Nigeria,2025-09-15,1026.68,NGN
678,7,Wuse Market,Nigeria,2025-09-15,989.97,NGN
679,7,Bodija Market,Nigeria,2025-09-15,1068.12,NGN
680,7,Makola Market,Ghana,2025-09-15,9.53,GHS
681,7,Kumasi Central,Ghana,2025-09-15,10.27,GHS
682,7,Wakulima Market,Kenya,2025-09-15,120.56,KES
683,7,Kongowea Market,Kenya,2025-09-15,113.67,KES
684,8,Mile 12 Market,Nigeria,2025-09-15,1808.13,NGN
685,8,Wuse Market,Nigeria,2025-09-15,1821.02,NGN
686,8,Bodija Market,Nigeria,2025-09-15,1867.01,NGN
687,8,Makola Market,Ghana,2025-09-15,18.65,GHS
688,8,Kumasi Central,Ghana,2025-09-15,22.04,GHS
689,8,Wakulima Market,Kenya,2025-09-15,190.82,KES
690,9,Mile 12 Market,Nigeria,2025-09-15,3364.68,NGN
691,9,Wuse Market,Nigeria,2025-09-15,3576.3,NGN
692,9,Makola Market,Ghana,2025-09-15,34.91,GHS
693,9,Kumasi Central,Ghana,2025-09-15,35.24,GHS
694,9,Wakulima Market,Kenya,2025-09-15,436.61,KES
695,9,Kongowea Market,Kenya,2025-09-15,427.5,KES
696,10,Mile 12 Market,Nigeria,2025-09-15,4002.34,NGN
697,10,Wuse Market,Nigeria,2025-09-15,4300.34,NGN
698,10,Bodija Market,Nigeria,2025-09-15,4808.89,NGN
699,10,Makola Market,Ghana,2025-09-15,43.34,GHS
700,10,Kumasi Central,Ghana,2025-09-15,44.54,GHS
701,10,Kongowea Market,Kenya,2025-09-15,460.96,KES
702,11,Mile 12 Market,Nigeria,2025-09-15,1259.99,NGN
703,11,Wuse Market,Nigeria,2025-09-15,1168.78,NGN
704,11,Bodija Market,Nigeria,2025-09-15,1416.06,NGN
705,11,Makola Market,Ghana,2025-09-15,14.51,GHS
706,11,Kumasi Central,Ghana,2025-09-15,13.01,GHS
707,11,Wakulima Market,Kenya,2025-09-15,154.12,KES
708,11,Kongowea Market,Kenya,2025-09-15,174.1,KES
709,12,Mile 12 Market,Nigeria,2025-09-15,823.86,NGN
710,12,Wuse Market,Nigeria,2025-09-15,780.89,NGN
711,12,Bodija Market,Nigeria,2025-09-15,767.16,NGN
712,12,Makola Market,Ghana,2025-09-15,8.8,GHS
713,12,Kumasi Central,Ghana,2025-09-15,8.75,GHS
714,12,Wakulima Market,Kenya,2025-09-15,95.02,KES
715,1,Mile 12 Market,Nigeria,2025-10-15,1220.24,NGN
716,1,Wuse Market,Nigeria,2025-10-15,1263.05,NGN
717,1,Bodija Market,Nigeria,2025-10-15,1468.3,NGN
718,1,Makola Market,Ghana,2025-10-15,14.23,GHS
719,1,Kumasi Central,Ghana,2025-10-15,14.0,GHS
720,1,Wakulima Market,Kenya,2025-10-15,169.63,KES
721,1,Kongowea Market,Kenya,2025-10-15,170.03,KES
722,2,Mile 12 Market,Nigeria,2025-10-15,2153.29,NGN
723,2,Wuse Market,Nigeria,2025-10-15,2181.31,NGN
724,2,Bodija Market,Nigeria,2025-10-15,2005.14,NGN
725,2,Kumasi Central,Ghana,2025-10-15,20.11,GHS
726,2,Wakulima Market,Kenya,2025-10-15,204.55,KES
727,2,Kongowea Market,Kenya,2025-10-15,263.34,KES
728,3,Mile 12 Market,Nigeria,2025-10-15,709.64,NGN
729,3,Wuse Market,Nigeria,2025-10-15,561.67,NGN
730,3,Bodija Market,Nigeria,2025-10-15,719.93,NGN
731,3,Makola Market,Ghana,2025-10-15,7.91,GHS
732,3,Kumasi Central,Ghana,2025-10-15,8.4,GHS
733,3,Wakulima Market,Kenya,2025-10-15,70.43,KES
734,3,Kongowea Market,Kenya,2025-10-15,88.22,KES
735,4,Mile 12 Market,Nigeria,2025-10-15,1351.82,NGN
736,4,Wuse Market,Nigeria,2025-10-15,1055.93,NGN
737,4,Bodija Market,Nigeria,2025-10-15,1046.02,NGN
738,4,Makola Market,Ghana,2025-10-15,12.76,GHS
739,4,Kumasi Central,Ghana,2025-10-15,13.9,GHS
740,4,Wakulima Market,Kenya,2025-10-15,168.44,KES
741,4,Kongowea Market,Kenya,2025-10-15,171.11,KES
742,5,Wuse Market,Nigeria,2025-10-15,442.62,NGN
743,5,Bodija Market,Nigeria,2025-10-15,471.88,NGN
744,5,Makola Market,Ghana,2025-10-15,4.83,GHS
745,5,Kumasi Central,Ghana,2025-10-15,5.52,GHS
746,5,Wakulima Market,Kenya,2025-10-15,53.91,KES
747,5,Kongowea Market,Kenya,2025-10-15,62.38,KES
748,6,Mile 12 Market,Nigeria,2025-10-15,1242.63,NGN
749,6,Wuse Market,Nigeria,2025-10-15,1605.01,NGN
750,6,Bodija Market,Nigeria,2025-10-15,1346.48,NGN
751,6,Makola Market,Ghana,2025-10-15,15.14,GHS
752,6,Kumasi Central,Ghana,2025-10-15,13.92,GHS
753,6,Wakulima Market,Kenya,2025-10-15,191.92,KES
754,6,Kongowea Market,Kenya,2025-10-15,179.44,KES
755,7,Wuse Market,Nigeria,2025-10-15,1101.48,NGN
756,7,Bodija Market,Nigeria,2025-10-15,840.77,NGN
757,7,Makola Market,Ghana,2025-10-15,11.23,GHS
758,7,Kumasi Central,Ghana,2025-10-15,10.77,GHS
759,7,Wakulima Market,Kenya,2025-10-15,138.37,KES
760,7,Kongowea Market,Kenya,2025-10-15,108.0,KES
761,8,Mile 12 Market,Nigeria,2025-10-15,1778.38,NGN
762,8,Wuse Market,Nigeria,2025-10-15,1458.71,NGN
763,8,Bodija Market,Nigeria,2025-10-15,1529.92,NGN
764,8,Makola Market,Ghana,2025-10-15,21.75,GHS
765,8,Kumasi Central,Ghana,2025-10-15,22.04,GHS
766,8,Wakulima Market,Kenya,2025-10-15,197.9,KES
767,8,Kongowea Market,Kenya,2025-10-15,215.0,KES
768,9,Mile 12 Market,Nigeria,2025-10-15,3202.09,NGN
769,9,Wuse Market,Nigeria,2025-10-15,3286.86,NGN
770,9,Bodija Market,Nigeria,2025-10-15,3043.32,NGN
771,9,Makola Market,Ghana,2025-10-15,39.57,GHS
772,9,Kumasi Central,Ghana,2025-10-15,40.56,GHS
773,9,Wakulima Market,Kenya,2025-10-15,495.05,KES
774,9,Kongowea Market,Kenya,2025-10-15,439.55,KES
775,10,Mile 12 Market,Nigeria,2025-10-15,4551.89,NGN
776,10,Wuse Market,Nigeria,2025-10-15,4802.05,NGN
777,10,Bodija Market,Nigeria,2025-10-15,3799.58,NGN
778,10,Makola Market,Ghana,2025-10-15,51.19,GHS
779,10,Kumasi Central,Ghana,2025-10-15,59.9,GHS
780,10,Kongowea Market,Kenya,2025-10-15,517.58,KES
781,11,Mile 12 Market,Nigeria,2025-10-15,1173.69,NGN
782,11,Wuse Market,Nigeria,2025-10-15,1075.47,NGN
783,11,Bodija Market,Nigeria,2025-10-15,1207.77,NGN
784,11,Kumasi Central,Ghana,2025-10-15,14.38,GHS
785,11,Wakulima Market,Kenya,2025-10-15,150.74,KES
786,11,Kongowea Market,Kenya,2025-10-15,158.55,KES
787,12,Mile 12 Market,Nigeria,2025-10-15,647.58,NGN
788,12,Wuse Market,Nigeria,2025-10-15,872.6,NGN
789,12,Bodija Market,Nigeria,2025-10-15,827.21,NGN
790,12,Makola Market,Ghana,2025-10-15,9.86,GHS
791,12,Kumasi Central,Ghana,2025-10-15,9.65,GHS
792,12,Wakulima Market,Kenya,2025-10-15,80.82,KES
793,12,Kongowea Market,Kenya,2025-10-15,99.27,KES
794,1,Mile 12 Market,Nigeria,2025-11-15,1500.14,NGN
795,1,Wuse Market,Nigeria,2025-11-15,1486.65,NGN
796,1,Bodija Market,Nigeria,2025-11-15,1397.71,NGN
797,1,Makola Market,Ghana,2025-11-15,18.28,GHS
798,1,Kumasi Central,Ghana,2025-11-15,18.59,GHS
799,1,Wakulima Market,Kenya,2025-11-15,167.49,KES
800,1,Kongowea Market,Kenya,2025-11-15,186.76,KES
801,2,Mile 12 Market,Nigeria,2025-11-15,2303.46,NGN
802,2,Wuse Market,Nigeria,2025-11-15,2324.51,NGN
803,2,Bodija Market,Nigeria,2025-11-15,2269.2,NGN
804,2,Makola Market,Ghana,2025-11-15,24.76,GHS
805,2,Kumasi Central,Ghana,2025-11-15,27.17,GHS
806,2,Wakulima Market,Kenya,2025-11-15,233.83,KES
807,2,Kongowea Market,Kenya,2025-11-15,212.88,KES
808,3,Mile 12 Market,Nigeria,2025-11-15,635.3,NGN
809,3,Wuse Market,Nigeria,2025-11-15,721.13,NGN
810,3,Bodija Market,Nigeria,2025-11-15,578.04,NGN
811,3,Makola Market,Ghana,2025-11-15,8.43,GHS
812,3,Kumasi Central,Ghana,2025-11-15,8.92,GHS
813,3,Wakulima Market,Kenya,2025-11-15,72.39,KES
814,4,Wuse Market,Nigeria,2025-11-15,1315.81,NGN
815,4,Bodija Market,Nigeria,2025-11-15,1221.99,NGN
816,4,Makola Market,Ghana,2025-11-15,12.68,GHS
817,4,Kumasi Central,Ghana,2025-11-15,14.94,GHS
818,4,Wakulima Market,Kenya,2025-11-15,154.38,KES
819,4,Kongowea Market,Kenya,2025-11-15,172.1,KES
820,5,Mile 12 Market,Nigeria,2025-11-15,514.36,NGN
821,5,Wuse Market,Nigeria,2025-11-15,460.69,NGN
822,5,Bodija Market,Nigeria,2025-11-15,541.34,NGN
823,5,Makola Market,Ghana,2025-11-15,6.31,GHS
824,5,Kumasi Central,Ghana,2025-11-15,6.02,GHS
825,5,Wakulima Market,Kenya,2025-11-15,60.58,KES
826,5,Kongowea Market,Kenya,2025-11-15,58.71,KES
827,6,Mile 12 Market,Nigeria,2025-11-15,1726.47,NGN
828,6,Wuse Market,Nigeria,2025-11-15,1254.24,NGN
829,6,Bodija Market,Nigeria,2025-11-15,1657.48,NGN
830,6,Makola Market,Ghana,2025-11-15,14.79,GHS
831,6,Kumasi Central,Ghana,2025-11-15,15.16,GHS
832,6,Wakulima Market,Kenya,2025-11-15,162.65,KES
833,6,Kongowea Market,Kenya,2025-11-15,168.15,KES
834,7,Mile 12 Market,Nigeria,2025-11-15,1140.69,NGN
835,7,Wuse Market,Nigeria,2025-11-15,886.84,NGN
836,7,Bodija Market,Nigeria,2025-11-15,957.76,NGN
837,7,Kumasi Central,Ghana,2025-11-15,11.48,GHS
838,7,Wakulima Market,Kenya,2025-11-15,145.45,KES
839,7,Kongowea Market,Kenya,2025-11-15,147.33,KES
840,8,Mile 12 Market,Nigeria,2025-11-15,1504.12,NGN
841,8,Wuse Market,Nigeria,2025-11-15,1653.97,NGN
842,8,Bodija Market,Nigeria,2025-11-15,1827.26,NGN
843,8,Makola Market,Ghana,2025-11-15,18.76,GHS
844,8,Kumasi Central,Ghana,2025-11-15,22.16,GHS
845,8,Wakulima Market,Kenya,2025-11-15,242.27,KES
846,8,Kongowea Market,Kenya,2025-11-15,253.56,KES
847,9,Mile 12 Market,Nigeria,2025-11-15,3762.24,NGN
848,9,Wuse Market,Nigeria,2025-11-15,3246.92,NGN
849,9,Bodija Market,Nigeria,2025-11-15,3841.48,NGN
850,9,Makola Market,Ghana,2025-11-15,49.12,GHS
851,9,Kumasi Central,Ghana,2025-11-15,43.65,GHS
852,9,Wakulima Market,Kenya,2025-11-15,477.37,KES
853,9,Kongowea Market,Kenya,2025-11-15,463.77,KES
854,10,Mile 12 Market,Nigeria,2025-11-15,5271.8,NGN
855,10,Wuse Market,Nigeria,2025-11-15,4857.63,NGN
856,10,Bodija Market,Nigeria,2025-11-15,4725.21,NGN
857,10,Makola Market,Ghana,2025-11-15,49.34,GHS
858,10,Kumasi Central,Ghana,2025-11-15,62.08,GHS
859,10,Wakulima Market,Kenya,2025-11-15,643.81,KES
860,10,Kongowea Market,Kenya,2025-11-15,535.43,KES
861,11,Mile 12 Market,Nigeria,2025-11-15,1518.88,NGN
862,11,Wuse Market,Nigeria,2025-11-15,1293.12,NGN
863,11,Bodija Market,Nigeria,2025-11-15,1278.1,NGN
864,11,Makola Market,Ghana,2025-11-15,15.66,GHS
865,11,Kumasi Central,Ghana,2025-11-15,14.67,GHS
866,11,Wakulima Market,Kenya,2025-11-15,150.15,KES
867,11,Kongowea Market,Kenya,2025-11-15,150.12,KES
868,12,Mile 12 Market,Nigeria,2025-11-15,928.27,NGN
869,12,Wuse Market,Nigeria,2025-11-15,734.98,NGN
870,12,Bodija Market,Nigeria,2025-11-15,846.81,NGN
871,12,Makola Market,Ghana,2025-11-15,9.67,GHS
872,12,Kumasi Central,Ghana,2025-11-15,8.87,GHS
873,12,Wakulima Market,Kenya,2025-11-15,97.2,KES
874,12,Kongowea Market,Kenya,2025-11-15,88.73,KES
875,1,Mile 12 Market,Nigeria,2025-12-15,1642.86,NGN
876,1,Wuse Market,Nigeria,2025-12-15,1309.5,NGN
877,1,Bodija Market,Nigeria,2025-12-15,1303.25,NGN
878,1,Makola Market,Ghana,2025-12-15,18.52,GHS
879,1,Kumasi Central,Ghana,2025-12-15,16.88,GHS
880,1,Wakulima Market,Kenya,2025-12-15,204.65,KES
881,1,Kongowea Market,Kenya,2025-12-15,154.42,KES
882,2,Mile 12 Market,Nigeria,2025-12-15,1835.6,NGN
883,2,Wuse Market,Nigeria,2025-12-15,2151.81,NGN
884,2,Bodija Market,Nigeria,2025-12-15,2077.69,NGN
885,2,Makola Market,Ghana,2025-12-15,26.46,GHS
886,2,Kumasi Central,Ghana,2025-12-15,23.2,GHS
887,2,Wakulima Market,Kenya,2025-12-15,294.57,KES
888,2,Kongowea Market,Kenya,2025-12-15,275.86,KES
889,3,Mile 12 Market,Nigeria,2025-12-15,783.59,NGN
890,3,Wuse Market,Nigeria,2025-12-15,830.76,NGN
891,3,Bodija Market,Nigeria,2025-12-15,828.38,NGN
892,3,Makola Market,Ghana,2025-12-15,9.19,GHS
893,3,Kumasi Central,Ghana,2025-12-15,9.24,GHS
894,3,Wakulima Market,Kenya,2025-12-15,98.28,KES
895,3,Kongowea Market,Kenya,2025-12-15,94.01,KES
896,4,Mile 12 Market,Nigeria,2025-12-15,1343.88,NGN
897,4,Wuse Market,Nigeria,2025-12-15,1125.39,NGN
898,4,Bodija Market,Nigeria,2025-12-15,1415.55,NGN
899,4,Makola Market,Ghana,2025-12-15,14.72,GHS
900,4,Kumasi Central,Ghana,2025-12-15,16.76,GHS
901,4,Wakulima Market,Kenya,2025-12-15,182.34,KES
902,4,Kongowea Market,Kenya,2025-12-15,167.11,KES
903,5,Wuse Market,Nigeria,2025-12-15,552.59,NGN
904,5,Bodija Market,Nigeria,2025-12-15,624.38,NGN
905,5,Makola Market,Ghana,2025-12-15,6.15,GHS
906,5,Kumasi Central,Ghana,2025-12-15,7.34,GHS
907,5,Kongowea Market,Kenya,2025-12-15,77.03,KES
908,6,Mile 12 Market,Nigeria,2025-12-15,1547.64,NGN
909,6,Wuse Market,Nigeria,2025-12-15,1778.81,NGN
910,6,Bodija Market,Nigeria,2025-12-15,1504.81,NGN
911,6,Makola Market,Ghana,2025-12-15,17.2,GHS
912,6,Kumasi Central,Ghana,2025-12-15,16.81,GHS
913,6,Wakulima Market,Kenya,2025-12-15,226.19,KES
914,6,Kongowea Market,Kenya,2025-12-15,204.76,KES
915,7,Mile 12 Market,Nigeria,2025-12-15,1000.57,NGN
916,7,Wuse Market,Nigeria,2025-12-15,952.21,NGN
917,7,Bodija Market,Nigeria,2025-12-15,1099.3,NGN
918,7,Makola Market,Ghana,2025-12-15,13.2,GHS
919,7,Wakulima Market,Kenya,2025-12-15,138.71,KES
920,7,Kongowea Market,Kenya,2025-12-15,136.51,KES
921,8,Mile 12 Market,Nigeria,2025-12-15,1807.82,NGN
922,8,Wuse Market,Nigeria,2025-12-15,2162.81,NGN
923,8,Bodija Market,Nigeria,2025-12-15,1854.03,NGN
924,8,Makola Market,Ghana,2025-12-15,21.7,GHS
925,8,Kumasi Central,Ghana,2025-12-15,23.57,GHS
926,8,Wakulima Market,Kenya,2025-12-15,206.83,KES
927,8,Kongowea Market,Kenya,2025-12-15,235.47,KES
928,9,Mile 12 Market,Nigeria,2025-12-15,3437.38,NGN
929,9,Wuse Market,Nigeria,2025-12-15,4111.4,NGN
930,9,Bodija Market,Nigeria,2025-12-15,4282.37,NGN
931,9,Makola Market,Ghana,2025-12-15,41.37,GHS
932,9,Kumasi Central,Ghana,2025-12-15,40.4,GHS
933,9,Wakulima Market,Kenya,2025-12-15,479.83,KES
934,9,Kongowea Market,Kenya,2025-12-15,514.46,KES
935,10,Mile 12 Market,Nigeria,2025-12-15,5298.94,NGN
936,10,Wuse Market,Nigeria,2025-12-15,4244.28,NGN
937,10,Bodija Market,Nigeria,2025-12-15,5326.81,NGN
938,10,Makola Market,Ghana,2025-12-15,52.4,GHS
939,10,Kumasi Central,Ghana,2025-12-15,64.66,GHS
940,10,Wakulima Market,Kenya,2025-12-15,715.39,KES
941,10,Kongowea Market,Kenya,2025-12-15,572.66,KES
942,11,Mile 12 Market,Nigeria,2025-12-15,1570.16,NGN
943,11,Wuse Market,Nigeria,2025-12-15,1262.11,NGN
944,11,Bodija Market,Nigeria,2025-12-15,1393.64,NGN
945,11,Makola Market,Ghana,2025-12-15,16.32,GHS
946,11,Kumasi Central,Ghana,2025-12-15,17.06,GHS
947,11,Wakulima Market,Kenya,2025-12-15,176.02,KES
948,11,Kongowea Market,Kenya,2025-12-15,158.82,KES
949,12,Mile 12 Market,Nigeria,2025-12-15,850.02,NGN
950,12,Wuse Market,Nigeria,2025-12-15,910.81,NGN
951,12,Makola Market,Ghana,2025-12-15,10.31,GHS
952,12,Kumasi Central,Ghana,2025-12-15,9.09,GHS
953,12,Wakulima Market,Kenya,2025-12-15,107.63,KES
954,12,Kongowea Market,Kenya,2025-12-15,119.67,KES
955,1,Mile 12 Market,Nigeria,2026-01-15,1738.21,NGN
956,1,Wuse Market,Nigeria,2026-01-15,1544.37,NGN
957,1,Bodija Market,Nigeria,2026-01-15,1598.58,NGN
958,1,Makola Market,Ghana,2026-01-15,16.87,GHS
959,1,Kumasi Central,Ghana,2026-01-15,20.8,GHS
960,1,Wakulima Market,Kenya,2026-01-15,210.28,KES
961,1,Kongowea Market,Kenya,2026-01-15,190.34,KES
962,2,Mile 12 Market,Nigeria,2026-01-15,2204.2,NGN
963,2,Wuse Market,Nigeria,2026-01-15,2594.59,NGN
964,2,Bodija Market,Nigeria,2026-01-15,2147.42,NGN
965,2,Makola Market,Ghana,2026-01-15,23.17,GHS
966,2,Kumasi Central,Ghana,2026-01-15,29.27,GHS
967,2,Wakulima Market,Kenya,2026-01-15,291.7,KES
968,2,Kongowea Market,Kenya,2026-01-15,239.17,KES
969,3,Mile 12 Market,Nigeria,2026-01-15,702.9,NGN
970,3,Wuse Market,Nigeria,2026-01-15,751.73,NGN
971,3,Bodija Market,Nigeria,2026-01-15,730.12,NGN
972,3,Makola Market,Ghana,2026-01-15,8.78,GHS
973,3,Kumasi Central,Ghana,2026-01-15,8.82,GHS
974,3,Wakulima Market,Kenya,2026-01-15,82.81,KES
975,3,Kongowea Market,Kenya,2026-01-15,87.98,KES
976,4,Mile 12 Market,Nigeria,2026-01-15,1210.39,NGN
977,4,Wuse Market,Nigeria,2026-01-15,1291.51,NGN
978,4,Bodija Market,Nigeria,2026-01-15,1436.82,NGN
979,4,Makola Market,Ghana,2026-01-15,14.47,GHS
980,4,Kumasi Central,Ghana,2026-01-15,17.17,GHS
981,4,Wakulima Market,Kenya,2026-01-15,179.82,KES
982,4,Kongowea Market,Kenya,2026-01-15,149.88,KES
983,5,Mile 12 Market,Nigeria,2026-01-15,633.96,NGN
984,5,Wuse Market,Nigeria,2026-01-15,553.16,NGN
985,5,Bodija Market,Nigeria,2026-01-15,498.53,NGN
986,5,Kumasi Central,Ghana,2026-01-15,6.86,GHS
987,5,Wakulima Market,Kenya,2026-01-15,80.61,KES
988,5,Kongowea Market,Kenya,2026-01-15,77.77,KES
989,6,Mile 12 Market,Nigeria,2026-01-15,1493.64,NGN
990,6,Wuse Market,Nigeria,2026-01-15,1631.14,NGN
991,6,Bodija Market,Nigeria,2026-01-15,1541.27,NGN
992,6,Kumasi Central,Ghana,2026-01-15,21.21,GHS
993,6,Wakulima Market,Kenya,2026-01-15,209.9,KES
994,6,Kongowea Market,Kenya,2026-01-15,178.58,KES
995,7,Mile 12 Market,Nigeria,2026-01-15,982.24,NGN
996,7,Wuse Market,Nigeria,2026-01-15,1233.02,NGN
997,7,Makola Market,Ghana,2026-01-15,14.94,GHS
998,7,Kumasi Central,Ghana,2026-01-15,13.12,GHS
999,7,Wakulima Market,Kenya,2026-01-15,163.03,KES
1000,7,Kongowea Market,Kenya,2026-01-15,125.25,KES
1001,8,Mile 12 Market,Nigeria,2026-01-15,2133.57,NGN
1002,8,Wuse Market,Nigeria,2026-01-15,1688.97,NGN
1003,8,Bodija Market,Nigeria,2026-01-15,2028.3,NGN
1004,8,Makola Market,Ghana,2026-01-15,20.28,GHS
1005,8,Kumasi Central,Ghana,2026-01-15,22.52,GHS
1006,8,Wakulima Market,Kenya,2026-01-15,279.37,KES
1007,8,Kongowea Market,Kenya,2026-01-15,244.06,KES
1008,9,Mile 12 Market,Nigeria,2026-01-15,3865.7,NGN
1009,9,Wuse Market,Nigeria,2026-01-15,3593.73,NGN
1010,9,Bodija Market,Nigeria,2026-01-15,4233.81,NGN
1011,9,Makola Market,Ghana,2026-01-15,47.1,GHS
1012,9,Kumasi Central,Ghana,2026-01-15,46.73,GHS
1013,9,Wakulima Market,Kenya,2026-01-15,480.24,KES
1014,9,Kongowea Market,Kenya,2026-01-15,517.54,KES
1015,10,Mile 12 Market,Nigeria,2026-01-15,6142.15,NGN
1016,10,Wuse Market,Nigeria,2026-01-15,6070.39,NGN
1017,10,Bodija Market,Nigeria,2026-01-15,5662.72,NGN
1018,10,Makola Market,Ghana,2026-01-15,63.32,GHS
1019,10,Wakulima Market,Kenya,2026-01-15,650.3,KES
1020,10,Kongowea Market,Kenya,2026-01-15,577.55,KES
1021,11,Mile 12 Market,Nigeria,2026-01-15,1312.78,NGN
1022,11,Wuse Market,Nigeria,2026-01-15,1283.75,NGN
1023,11,Bodija Market,Nigeria,2026-01-15,1343.63,NGN
1024,11,Makola Market,Ghana,2026-01-15,17.85,GHS
1025,11,Kumasi Central,Ghana,2026-01-15,16.78,GHS
1026,11,Wakulima Market,Kenya,2026-01-15,187.01,KES
1027,11,Kongowea Market,Kenya,2026-01-15,201.32,KES
1028,12,Mile 12 Market,Nigeria,2026-01-15,901.82,NGN
1029,12,Wuse Market,Nigeria,2026-01-15,974.43,NGN
1030,12,Bodija Market,Nigeria,2026-01-15,767.57,NGN
1031,12,Makola Market,Ghana,2026-01-15,10.88,GHS
1032,12,Kumasi Central,Ghana,2026-01-15,9.75,GHS
1033,12,Wakulima Market,Kenya,2026-01-15,115.26,KES
1034,12,Kongowea Market,Kenya,2026-01-15,112.96,KES
1035,1,Mile 12 Market,Nigeria,2026-02-15,1474.87,NGN
1036,1,Wuse Market,Nigeria,2026-02-15,1604.57,NGN
1037,1,Bodija Market,Nigeria,2026-02-15,1739.23,NGN
1038,1,Makola Market,Ghana,2026-02-15,21.4,GHS
1039,1,Kumasi Central,Ghana,2026-02-15,16.24,GHS
1040,1,Wakulima Market,Kenya,2026-02-15,169.79,KES
1041,1,Kongowea Market,Kenya,2026-02-15,176.87,KES
1042,2,Mile 12 Market,Nigeria,2026-02-15,2635.88,NGN
1043,2,Wuse Market,Nigeria,2026-02-15,2647.93,NGN
1044,2,Bodija Market,Nigeria,2026-02-15,2449.53,NGN
1045,2,Makola Market,Ghana,2026-02-15,24.24,GHS
1046,2,Kumasi Central,Ghana,2026-02-15,26.72,GHS
1047,2,Kongowea Market,Kenya,2026-02-15,341.53,KES
1048,3,Mile 12 Market,Nigeria,2026-02-15,906.48,NGN
1049,3,Wuse Market,Nigeria,2026-02-15,760.16,NGN
1050,3,Bodija Market,Nigeria,2026-02-15,823.48,NGN
1051,3,Makola Market,Ghana,2026-02-15,8.77,GHS
1052,3,Kumasi Central,Ghana,2026-02-15,10.34,GHS
1053,3,Wakulima Market,Kenya,2026-02-15,96.62,KES
1054,3,Kongowea Market,Kenya,2026-02-15,99.93,KES
1055,4,Mile 12 Market,Nigeria,2026-02-15,1397.37,NGN
1056,4,Wuse Market,Nigeria,2026-02-15,1717.64,NGN
1057,4,Bodija Market,Nigeria,2026-02-15,1317.58,NGN
1058,4,Makola Market,Ghana,2026-02-15,17.11,GHS
1059,4,Kumasi Central,Ghana,2026-02-15,15.46,GHS
1060,4,Wakulima Market,Kenya,2026-02-15,214.53,KES
1061,5,Mile 12 Market,Nigeria,2026-02-15,545.9,NGN
1062,5,Wuse Market,Nigeria,2026-02-15,596.91,NGN
1063,5,Bodija Market,Nigeria,2026-02-15,629.64,NGN
1064,5,Makola Market,Ghana,2026-02-15,6.06,GHS
1065,5,Kumasi Central,Ghana,2026-02-15,7.94,GHS
1066,5,Wakulima Market,Kenya,2026-02-15,63.69,KES
1067,5,Kongowea Market,Kenya,2026-02-15,70.33,KES
1068,6,Mile 12 Market,Nigeria,2026-02-15,1705.99,NGN
1069,6,Wuse Market,Nigeria,2026-02-15,1672.52,NGN
1070,6,Bodija Market,Nigeria,2026-02-15,1994.77,NGN
1071,6,Makola Market,Ghana,2026-02-15,21.33,GHS
1072,6,Kumasi Central,Ghana,2026-02-15,21.01,GHS
1073,6,Wakulima Market,Kenya,2026-02-15,198.35,KES
1074,6,Kongowea Market,Kenya,2026-02-15,223.02,KES
1075,7,Mile 12 Market,Nigeria,2026-02-15,1218.9,NGN
1076,7,Wuse Market,Nigeria,2026-02-15,1164.07,NGN
1077,7,Bodija Market,Nigeria,2026-02-15,1349.16,NGN
1078,7,Makola Market,Ghana,2026-02-15,16.26,GHS
1079,7,Kumasi Central,Ghana,2026-02-15,14.65,GHS
1080,7,Wakulima Market,Kenya,2026-02-15,136.97,KES
1081,8,Mile 12 Market,Nigeria,2026-02-15,1891.96,NGN
1082,8,Wuse Market,Nigeria,2026-02-15,2161.97,NGN
1083,8,Bodija Market,Nigeria,2026-02-15,2067.47,NGN
1084,8,Kumasi Central,Ghana,2026-02-15,28.03,GHS
1085,8,Wakulima Market,Kenya,2026-02-15,286.53,KES
1086,8,Kongowea Market,Kenya,2026-02-15,258.11,KES
1087,9,Mile 12 Market,Nigeria,2026-02-15,4666.37,NGN
1088,9,Wuse Market,Nigeria,2026-02-15,4153.31,NGN
1089,9,Bodija Market,Nigeria,2026-02-15,4591.16,NGN
1090,9,Makola Market,Ghana,2026-02-15,55.72,GHS
1091,9,Kumasi Central,Ghana,2026-02-15,43.31,GHS
1092,9,Wakulima Market,Kenya,2026-02-15,487.8,KES
1093,9,Kongowea Market,Kenya,2026-02-15,561.22,KES
1094,10,Mile 12 Market,Nigeria,2026-02-15,4872.7,NGN
1095,10,Wuse Market,Nigeria,2026-02-15,5408.18,NGN
1096,10,Bodija Market,Nigeria,2026-02-15,5065.65,NGN
1097,10,Makola Market,Ghana,2026-02-15,72.67,GHS
1098,10,Kumasi Central,Ghana,2026-02-15,57.58,GHS
1099,10,Wakulima Market,Kenya,2026-02-15,768.71,KES
1100,10,Kongowea Market,Kenya,2026-02-15,654.59,KES
1101,11,Mile 12 Market,Nigeria,2026-02-15,1605.07,NGN
1102,11,Wuse Market,Nigeria,2026-02-15,1757.71,NGN
1103,11,Bodija Market,Nigeria,2026-02-15,1483.02,NGN
1104,11,Makola Market,Ghana,2026-02-15,20.95,GHS
1105,11,Kumasi Central,Ghana,2026-02-15,17.22,GHS
1106,11,Wakulima Market,Kenya,2026-02-15,198.7,KES
1107,11,Kongowea Market,Kenya,2026-02-15,219.11,KES
1108,12,Mile 12 Market,Nigeria,2026-02-15,942.06,NGN
1109,12,Bodija Market,Nigeria,2026-02-15,986.25,NGN
1110,12,Makola Market,Ghana,2026-02-15,10.62,GHS
1111,12,Kumasi Central,Ghana,2026-02-15,11.71,GHS
1112,12,Wakulima Market,Kenya,2026-02-15,100.71,KES
1113,12,Kongowea Market,Kenya,2026-02-15,99.69,KES
1114,1,Mile 12 Market,Nigeria,2026-03-15,1621.46,NGN
1115,1,Wuse Market,Nigeria,2026-03-15,1612.77,NGN
1116,1,Bodija Market,Nigeria,2026-03-15,1770.01,NGN
1117,1,Makola Market,Ghana,2026-03-15,19.38,GHS
1118,1,Kumasi Central,Ghana,2026-03-15,18.29,GHS
1119,1,Wakulima Market,Kenya,2026-03-15,218.82,KES
1120,1,Kongowea Market,Kenya,2026-03-15,183.13,KES
1121,2,Mile 12 Market,Nigeria,2026-03-15,2063.49,NGN
1122,2,Wuse Market,Nigeria,2026-03-15,2091.89,NGN
1123,2,Bodija Market,Nigeria,2026-03-15,2550.73,NGN
1124,2,Makola Market,Ghana,2026-03-15,31.09,GHS
1125,2,Kumasi Central,Ghana,2026-03-15,31.04,GHS
1126,2,Wakulima Market,Kenya,2026-03-15,321.45,KES
1127,2,Kongowea Market,Kenya,2026-03-15,315.1,KES
1128,3,Mile 12 Market,Nigeria,2026-03-15,924.34,NGN
1129,3,Wuse Market,Nigeria,2026-03-15,947.9,NGN
1130,3,Bodija Market,Nigeria,2026-03-15,782.91,NGN
1131,3,Kumasi Central,Ghana,2026-03-15,9.29,GHS
1132,3,Wakulima Market,Kenya,2026-03-15,87.73,KES
1133,3,Kongowea Market,Kenya,2026-03-15,111.0,KES
1134,4,Mile 12 Market,Nigeria,2026-03-15,1386.72,NGN
1135,4,Wuse Market,Nigeria,2026-03-15,1278.35,NGN
1136,4,Bodija Market,Nigeria,2026-03-15,1592.65,NGN
1137,4,Makola Market,Ghana,2026-03-15,18.28,GHS
1138,4,Kumasi Central,Ghana,2026-03-15,20.02,GHS
1139,4,Wakulima Market,Kenya,2026-03-15,191.27,KES
1140,4,Kongowea Market,Kenya,2026-03-15,185.51,KES
1141,5,Mile 12 Market,Nigeria,2026-03-15,531.26,NGN
1142,5,Wuse Market,Nigeria,2026-03-15,531.68,NGN
1143,5,Bodija Market,Nigeria,2026-03-15,550.5,NGN
1144,5,Makola Market,Ghana,2026-03-15,6.74,GHS
1145,5,Kumasi Central,Ghana,2026-03-15,6.04,GHS
1146,5,Wakulima Market,Kenya,2026-03-15,64.52,KES
1147,5,Kongowea Market,Kenya,2026-03-15,75.74,KES
1148,6,Mile 12 Market,Nigeria,2026-03-15,2028.97,NGN
1149,6,Wuse Market,Nigeria,2026-03-15,1877.71,NGN
1150,6,Bodija Market,Nigeria,2026-03-15,1983.62,NGN
1151,6,Makola Market,Ghana,2026-03-15,22.29,GHS
1152,6,Kumasi Central,Ghana,2026-03-15,19.88,GHS
1153,6,Wakulima Market,Kenya,2026-03-15,205.75,KES
1154,6,Kongowea Market,Kenya,2026-03-15,215.48,KES
1155,7,Mile 12 Market,Nigeria,2026-03-15,1137.05,NGN
1156,7,Wuse Market,Nigeria,2026-03-15,1419.06,NGN
1157,7,Bodija Market,Nigeria,2026-03-15,1203.63,NGN
1158,7,Makola Market,Ghana,2026-03-15,13.65,GHS
1159,7,Kumasi Central,Ghana,2026-03-15,15.59,GHS
1160,7,Wakulima Market,Kenya,2026-03-15,169.91,KES
1161,7,Kongowea Market,Kenya,2026-03-15,137.03,KES
1162,8,Mile 12 Market,Nigeria,2026-03-15,2173.04,NGN
1163,8,Wuse Market,Nigeria,2026-03-15,2161.68,NGN
1164,8,Bodija Market,Nigeria,2026-03-15,2068.98,NGN
1165,8,Makola Market,Ghana,2026-03-15,26.13,GHS
1166,8,Kumasi Central,Ghana,2026-03-15,23.4,GHS
1167,8,Wakulima Market,Kenya,2026-03-15,268.74,KES
1168,8,Kongowea Market,Kenya,2026-03-15,244.45,KES
1169,9,Mile 12 Market,Nigeria,2026-03-15,3954.75,NGN
1170,9,Wuse Market,Nigeria,2026-03-15,4025.89,NGN
1171,9,Bodija Market,Nigeria,2026-03-15,4389.48,NGN
1172,9,Makola Market,Ghana,2026-03-15,50.52,GHS
1173,9,Kumasi Central,Ghana,2026-03-15,48.0,GHS
1174,9,Wakulima Market,Kenya,2026-03-15,573.75,KES
1175,9,Kongowea Market,Kenya,2026-03-15,514.15,KES
1176,10,Mile 12 Market,Nigeria,2026-03-15,5336.45,NGN
1177,10,Wuse Market,Nigeria,2026-03-15,4972.52,NGN
1178,10,Bodija Market,Nigeria,2026-03-15,5296.05,NGN
1179,10,Makola Market,Ghana,2026-03-15,58.61,GHS
1180,10,Kumasi Central,Ghana,2026-03-15,58.1,GHS
1181,10,Wakulima Market,Kenya,2026-03-15,756.42,KES
1182,10,Kongowea Market,Kenya,2026-03-15,725.64,KES
1183,11,Mile 12 Market,Nigeria,2026-03-15,1667.99,NGN
1184,11,Wuse Market,Nigeria,2026-03-15,1555.3,NGN
1185,11,Bodija Market,Nigeria,2026-03-15,1682.71,NGN
1186,11,Makola Market,Ghana,2026-03-15,18.2,GHS
1187,11,Kumasi Central,Ghana,2026-03-15,15.57,GHS
1188,11,Wakulima Market,Kenya,2026-03-15,179.16,KES
1189,11,Kongowea Market,Kenya,2026-03-15,223.31,KES
1190,12,Mile 12 Market,Nigeria,2026-03-15,931.9,NGN
1191,12,Wuse Market,Nigeria,2026-03-15,978.97,NGN
1192,12,Bodija Market,Nigeria,2026-03-15,850.6,NGN
1193,12,Makola Market,Ghana,2026-03-15,10.42,GHS
1194,12,Kumasi Central,Ghana,2026-03-15,11.86,GHS
1195,12,Wakulima Market,Kenya,2026-03-15,136.89,KES
1196,12,Kongowea Market,Kenya,2026-03-15,105.38,KES
1197,1,Mile 12 Market,Nigeria,2026-04-15,1764.87,NGN
1198,1,Wuse Market,Nigeria,2026-04-15,1398.62,NGN
1199,1,Bodija Market,Nigeria,2026-04-15,1425.41,NGN
1200,1,Makola Market,Ghana,2026-04-15,18.19,GHS
1201,1,Kumasi Central,Ghana,2026-04-15,19.79,GHS
1202,1,Wakulima Market,Kenya,2026-04-15,180.18,KES
1203,1,Kongowea Market,Kenya,2026-04-15,181.0,KES
1204,2,Mile 12 Market,Nigeria,2026-04-15,2304.47,NGN
1205,2,Wuse Market,Nigeria,2026-04-15,2088.42,NGN
1206,2,Bodija Market,Nigeria,2026-04-15,2563.86,NGN
1207,2,Kumasi Central,Ghana,2026-04-15,23.88,GHS
1208,2,Wakulima Market,Kenya,2026-04-15,283.99,KES
1209,2,Kongowea Market,Kenya,2026-04-15,291.48,KES
1210,3,Mile 12 Market,Nigeria,2026-04-15,797.17,NGN
1211,3,Wuse Market,Nigeria,2026-04-15,916.11,NGN
1212,3,Bodija Market,Nigeria,2026-04-15,759.1,NGN
1213,3,Makola Market,Ghana,2026-04-15,9.11,GHS
1214,3,Kumasi Central,Ghana,2026-04-15,8.75,GHS
1215,3,Wakulima Market,Kenya,2026-04-15,113.06,KES
1216,3,Kongowea Market,Kenya,2026-04-15,101.96,KES
1217,4,Mile 12 Market,Nigeria,2026-04-15,1560.72,NGN
1218,4,Wuse Market,Nigeria,2026-04-15,1251.54,NGN
1219,4,Bodija Market,Nigeria,2026-04-15,1324.27,NGN
1220,4,Makola Market,Ghana,2026-04-15,16.48,GHS
1221,4,Kumasi Central,Ghana,2026-04-15,14.46,GHS
1222,4,Wakulima Market,Kenya,2026-04-15,178.76,KES
1223,4,Kongowea Market,Kenya,2026-04-15,168.65,KES
1224,5,Mile 12 Market,Nigeria,2026-04-15,515.41,NGN
1225,5,Wuse Market,Nigeria,2026-04-15,524.97,NGN
1226,5,Bodija Market,Nigeria,2026-04-15,542.09,NGN
1227,5,Makola Market,Ghana,2026-04-15,6.63,GHS
1228,5,Kumasi Central,Ghana,2026-04-15,7.01,GHS
1229,5,Wakulima Market,Kenya,2026-04-15,86.82,KES
1230,5,Kongowea Market,Kenya,2026-04-15,73.13,KES
1231,6,Mile 12 Market,Nigeria,2026-04-15,1524.29,NGN
1232,6,Wuse Market,Nigeria,2026-04-15,1660.6,NGN
1233,6,Bodija Market,Nigeria,2026-04-15,1836.53,NGN
1234,6,Makola Market,Ghana,2026-04-15,22.43,GHS
1235,6,Kumasi Central,Ghana,2026-04-15,17.93,GHS
1236,6,Wakulima Market,Kenya,2026-04-15,231.73,KES
1237,7,Mile 12 Market,Nigeria,2026-04-15,1277.08,NGN
1238,7,Wuse Market,Nigeria,2026-04-15,1034.85,NGN
1239,7,Bodija Market,Nigeria,2026-04-15,1305.36,NGN
1240,7,Makola Market,Ghana,2026-04-15,15.53,GHS
1241,7,Kumasi Central,Ghana,2026-04-15,14.13,GHS
1242,7,Wakulima Market,Kenya,2026-04-15,161.69,KES
1243,7,Kongowea Market,Kenya,2026-04-15,174.47,KES
1244,8,Mile 12 Market,Nigeria,2026-04-15,1866.48,NGN
1245,8,Wuse Market,Nigeria,2026-04-15,2260.01,NGN
1246,8,Bodija Market,Nigeria,2026-04-15,1799.52,NGN
1247,8,Kumasi Central,Ghana,2026-04-15,25.96,GHS
1248,8,Wakulima Market,Kenya,2026-04-15,261.77,KES
1249,8,Kongowea Market,Kenya,2026-04-15,292.04,KES
1250,9,Mile 12 Market,Nigeria,2026-04-15,4253.36,NGN
1251,9,Bodija Market,Nigeria,2026-04-15,4247.05,NGN
1252,9,Makola Market,Ghana,2026-04-15,51.82,GHS
1253,9,Kumasi Central,Ghana,2026-04-15,48.99,GHS
1254,9,Wakulima Market,Kenya,2026-04-15,584.49,KES
1255,10,Mile 12 Market,Nigeria,2026-04-15,5142.19,NGN
1256,10,Wuse Market,Nigeria,2026-04-15,5417.37,NGN
1257,10,Bodija Market,Nigeria,2026-04-15,4680.44,NGN
1258,10,Makola Market,Ghana,2026-04-15,69.16,GHS
1259,10,Kumasi Central,Ghana,2026-04-15,62.15,GHS
1260,10,Wakulima Market,Kenya,2026-04-15,696.93,KES
1261,10,Kongowea Market,Kenya,2026-04-15,609.48,KES
1262,11,Mile 12 Market,Nigeria,2026-04-15,1743.69,NGN
1263,11,Wuse Market,Nigeria,2026-04-15,1525.17,NGN
1264,11,Bodija Market,Nigeria,2026-04-15,1756.79,NGN
1265,11,Makola Market,Ghana,2026-04-15,20.58,GHS
1266,11,Kumasi Central,Ghana,2026-04-15,18.44,GHS
1267,11,Kongowea Market,Kenya,2026-04-15,164.27,KES
1268,12,Mile 12 Market,Nigeria,2026-04-15,1009.69,NGN
1269,12,Wuse Market,Nigeria,2026-04-15,819.15,NGN
1270,12,Bodija Market,Nigeria,2026-04-15,1010.18,NGN
1271,12,Makola Market,Ghana,2026-04-15,11.47,GHS
1272,12,Kumasi Central,Ghana,2026-04-15,10.63,GHS
1273,12,Wakulima Market,Kenya,2026-04-15,127.09,KES
1274,12,Kongowea Market,Kenya,2026-04-15,126.93,KES
1275,1,Mile 12 Market,Nigeria,2026-05-15,1757.0,NGN
1276,1,Wuse Market,Nigeria,2026-05-15,1697.21,NGN
1277,1,Bodija Market,Nigeria,2026-05-15,1798.59,NGN
1278,1,Makola Market,Ghana,2026-05-15,18.31,GHS
1279,1,Kumasi Central,Ghana,2026-05-15,19.22,GHS
1280,1,Kongowea Market,Kenya,2026-05-15,175.73,KES
1281,2,Mile 12 Market,Nigeria,2026-05-15,2093.95,NGN
1282,2,Wuse Market,Nigeria,2026-05-15,2028.52,NGN
1283,2,Bodija Market,Nigeria,2026-05-15,1925.7,NGN
1284,2,Makola Market,Ghana,2026-05-15,23.63,GHS
1285,2,Kumasi Central,Ghana,2026-05-15,22.12,GHS
1286,2,Wakulima Market,Kenya,2026-05-15,308.32,KES
1287,2,Kongowea Market,Kenya,2026-05-15,261.74,KES
1288,3,Mile 12 Market,Nigeria,2026-05-15,847.75,NGN
1289,3,Wuse Market,Nigeria,2026-05-15,673.19,NGN
1290,3,Bodija Market,Nigeria,2026-05-15,827.29,NGN
1291,3,Makola Market,Ghana,2026-05-15,9.36,GHS
1292,3,Kumasi Central,Ghana,2026-05-15,9.36,GHS
1293,3,Wakulima Market,Kenya,2026-05-15,94.34,KES
1294,3,Kongowea Market,Kenya,2026-05-15,98.14,KES
1295,4,Mile 12 Market,Nigeria,2026-05-15,1446.81,NGN
1296,4,Wuse Market,Nigeria,2026-05-15,1336.91,NGN
1297,4,Bodija Market,Nigeria,2026-05-15,1259.4,NGN
1298,4,Makola Market,Ghana,2026-05-15,16.56,GHS
1299,4,Kumasi Central,Ghana,2026-05-15,14.79,GHS
1300,4,Wakulima Market,Kenya,2026-05-15,171.92,KES
1301,4,Kongowea Market,Kenya,2026-05-15,181.64,KES
1302,5,Mile 12 Market,Nigeria,2026-05-15,578.44,NGN
1303,5,Wuse Market,Nigeria,2026-05-15,502.24,NGN
1304,5,Bodija Market,Nigeria,2026-05-15,586.58,NGN
1305,5,Makola Market,Ghana,2026-05-15,7.33,GHS
1306,5,Kumasi Central,Ghana,2026-05-15,6.71,GHS
1307,5,Wakulima Market,Kenya,2026-05-15,74.63,KES
1308,5,Kongowea Market,Kenya,2026-05-15,74.16,KES
1309,6,Mile 12 Market,Nigeria,2026-05-15,1822.98,NGN
1310,6,Wuse Market,Nigeria,2026-05-15,1560.47,NGN
1311,6,Bodija Market,Nigeria,2026-05-15,1945.62,NGN
1312,6,Makola Market,Ghana,2026-05-15,19.82,GHS
1313,6,Kumasi Central,Ghana,2026-05-15,22.44,GHS
1314,6,Wakulima Market,Kenya,2026-05-15,202.69,KES
1315,6,Kongowea Market,Kenya,2026-05-15,183.24,KES
1316,7,Mile 12 Market,Nigeria,2026-05-15,1299.82,NGN
1317,7,Wuse Market,Nigeria,2026-05-15,1344.96,NGN
1318,7,Bodija Market,Nigeria,2026-05-15,1180.89,NGN
1319,7,Makola Market,Ghana,2026-05-15,12.31,GHS
1320,7,Kumasi Central,Ghana,2026-05-15,12.58,GHS
1321,7,Wakulima Market,Kenya,2026-05-15,151.4,KES
1322,7,Kongowea Market,Kenya,2026-05-15,154.07,KES
1323,8,Mile 12 Market,Nigeria,2026-05-15,2089.8,NGN
1324,8,Wuse Market,Nigeria,2026-05-15,2022.32,NGN
1325,8,Bodija Market,Nigeria,2026-05-15,1938.69,NGN
1326,8,Makola Market,Ghana,2026-05-15,21.72,GHS
1327,8,Kumasi Central,Ghana,2026-05-15,20.74,GHS
1328,8,Wakulima Market,Kenya,2026-05-15,242.02,KES
1329,9,Mile 12 Market,Nigeria,2026-05-15,4484.64,NGN
1330,9,Wuse Market,Nigeria,2026-05-15,4377.74,NGN
1331,9,Bodija Market,Nigeria,2026-05-15,4239.13,NGN
1332,9,Makola Market,Ghana,2026-05-15,46.92,GHS
1333,9,Kumasi Central,Ghana,2026-05-15,40.82,GHS
1334,9,Wakulima Market,Kenya,2026-05-15,534.85,KES
1335,9,Kongowea Market,Kenya,2026-05-15,446.0,KES
1336,10,Mile 12 Market,Nigeria,2026-05-15,5136.43,NGN
1337,10,Bodija Market,Nigeria,2026-05-15,4719.4,NGN
1338,10,Makola Market,Ghana,2026-05-15,65.46,GHS
1339,10,Kumasi Central,Ghana,2026-05-15,52.17,GHS
1340,10,Wakulima Market,Kenya,2026-05-15,724.04,KES
1341,10,Kongowea Market,Kenya,2026-05-15,664.12,KES
1342,11,Mile 12 Market,Nigeria,2026-05-15,1684.21,NGN
1343,11,Wuse Market,Nigeria,2026-05-15,1592.42,NGN
1344,11,Bodija Market,Nigeria,2026-05-15,1471.31,NGN
1345,11,Makola Market,Ghana,2026-05-15,15.63,GHS
1346,11,Kumasi Central,Ghana,2026-05-15,14.87,GHS
1347,11,Kongowea Market,Kenya,2026-05-15,183.13,KES
1348,12,Mile 12 Market,Nigeria,2026-05-15,887.2,NGN
1349,12,Wuse Market,Nigeria,2026-05-15,808.81,NGN
1350,12,Bodija Market,Nigeria,2026-05-15,945.3,NGN
1351,12,Makola Market,Ghana,2026-05-15,11.7,GHS
1352,12,Kumasi Central,Ghana,2026-05-15,11.95,GHS
1353,12,Wakulima Market,Kenya,2026-05-15,121.13,KES
1354,12,Kongowea Market,Kenya,2026-05-15,122.1,KES
1355,1,Mile 12 Market,Nigeria,2026-06-15,1417.1,NGN
1356,1,Wuse Market,Nigeria,2026-06-15,1447.44,NGN
1357,1,Bodija Market,Nigeria,2026-06-15,1596.1,NGN
1358,1,Makola Market,Ghana,2026-06-15,19.18,GHS
1359,1,Kumasi Central,Ghana,2026-06-15,18.25,GHS
1360,1,Wakulima Market,Kenya,2026-06-15,211.76,KES
1361,1,Kongowea Market,Kenya,2026-06-15,179.05,KES
1362,2,Mile 12 Market,Nigeria,2026-06-15,1826.43,NGN
1363,2,Wuse Market,Nigeria,2026-06-15,2359.02,NGN
1364,2,Bodija Market,Nigeria,2026-06-15,1812.66,NGN
1365,2,Makola Market,Ghana,2026-06-15,28.32,GHS
1366,2,Kumasi Central,Ghana,2026-06-15,24.38,GHS
1367,2,Wakulima Market,Kenya,2026-06-15,232.1,KES
1368,2,Kongowea Market,Kenya,2026-06-15,288.78,KES
1369,3,Mile 12 Market,Nigeria,2026-06-15,800.09,NGN
1370,3,Wuse Market,Nigeria,2026-06-15,699.07,NGN
1371,3,Bodija Market,Nigeria,2026-06-15,645.73,NGN
1372,3,Makola Market,Ghana,2026-06-15,8.48,GHS
1373,3,Kumasi Central,Ghana,2026-06-15,8.05,GHS
1374,3,Wakulima Market,Kenya,2026-06-15,90.11,KES
1375,3,Kongowea Market,Kenya,2026-06-15,98.85,KES
1376,4,Mile 12 Market,Nigeria,2026-06-15,1271.17,NGN
1377,4,Wuse Market,Nigeria,2026-06-15,1266.04,NGN
1378,4,Bodija Market,Nigeria,2026-06-15,1234.35,NGN
1379,4,Makola Market,Ghana,2026-06-15,13.27,GHS
1380,4,Kumasi Central,Ghana,2026-06-15,15.74,GHS
1381,4,Kongowea Market,Kenya,2026-06-15,170.93,KES
1382,5,Mile 12 Market,Nigeria,2026-06-15,513.65,NGN
1383,5,Wuse Market,Nigeria,2026-06-15,560.15,NGN
1384,5,Bodija Market,Nigeria,2026-06-15,586.07,NGN
1385,5,Makola Market,Ghana,2026-06-15,5.68,GHS
1386,5,Kumasi Central,Ghana,2026-06-15,5.62,GHS
1387,5,Wakulima Market,Kenya,2026-06-15,76.51,KES
1388,5,Kongowea Market,Kenya,2026-06-15,62.45,KES
1389,6,Mile 12 Market,Nigeria,2026-06-15,1626.25,NGN
1390,6,Wuse Market,Nigeria,2026-06-15,1332.21,NGN
1391,6,Bodija Market,Nigeria,2026-06-15,1587.82,NGN
1392,6,Makola Market,Ghana,2026-06-15,18.57,GHS
1393,6,Kumasi Central,Ghana,2026-06-15,20.88,GHS
1394,6,Wakulima Market,Kenya,2026-06-15,207.18,KES
1395,6,Kongowea Market,Kenya,2026-06-15,198.0,KES
1396,7,Mile 12 Market,Nigeria,2026-06-15,1052.71,NGN
1397,7,Wuse Market,Nigeria,2026-06-15,1149.08,NGN
1398,7,Bodija Market,Nigeria,2026-06-15,1089.8,NGN
1399,7,Makola Market,Ghana,2026-06-15,12.29,GHS
1400,7,Kumasi Central,Ghana,2026-06-15,10.98,GHS
1401,7,Wakulima Market,Kenya,2026-06-15,123.95,KES
1402,7,Kongowea Market,Kenya,2026-06-15,141.86,KES
1403,8,Mile 12 Market,Nigeria,2026-06-15,1654.41,NGN
1404,8,Wuse Market,Nigeria,2026-06-15,1887.16,NGN
1405,8,Bodija Market,Nigeria,2026-06-15,1973.0,NGN
1406,8,Kumasi Central,Ghana,2026-06-15,24.31,GHS
1407,8,Wakulima Market,Kenya,2026-06-15,266.53,KES
1408,8,Kongowea Market,Kenya,2026-06-15,225.52,KES
1409,9,Wuse Market,Nigeria,2026-06-15,4470.41,NGN
1410,9,Bodija Market,Nigeria,2026-06-15,3608.01,NGN
1411,9,Makola Market,Ghana,2026-06-15,50.6,GHS
1412,9,Kumasi Central,Ghana,2026-06-15,39.25,GHS
1413,9,Wakulima Market,Kenya,2026-06-15,478.75,KES
1414,9,Kongowea Market,Kenya,2026-06-15,446.76,KES
1415,10,Mile 12 Market,Nigeria,2026-06-15,4478.61,NGN
1416,10,Wuse Market,Nigeria,2026-06-15,5574.27,NGN
1417,10,Bodija Market,Nigeria,2026-06-15,5346.74,NGN
1418,10,Makola Market,Ghana,2026-06-15,67.34,GHS
1419,10,Kumasi Central,Ghana,2026-06-15,54.05,GHS
1420,10,Wakulima Market,Kenya,2026-06-15,671.58,KES
1421,10,Kongowea Market,Kenya,2026-06-15,706.65,KES
1422,11,Mile 12 Market,Nigeria,2026-06-15,1310.88,NGN
1423,11,Wuse Market,Nigeria,2026-06-15,1284.09,NGN
1424,11,Bodija Market,Nigeria,2026-06-15,1390.35,NGN
1425,11,Makola Market,Ghana,2026-06-15,18.37,GHS
1426,11,Kumasi Central,Ghana,2026-06-15,17.88,GHS
1427,11,Wakulima Market,Kenya,2026-06-15,173.85,KES
1428,11,Kongowea Market,Kenya,2026-06-15,173.72,KES
1429,12,Mile 12 Market,Nigeria,2026-06-15,877.37,NGN
1430,12,Wuse Market,Nigeria,2026-06-15,797.15,NGN
1431,12,Makola Market,Ghana,2026-06-15,11.26,GHS
1432,12,Kumasi Central,Ghana,2026-06-15,9.76,GHS
1433,12,Wakulima Market,Kenya,2026-06-15,109.66,KES
1434,12,Kongowea Market,Kenya,2026-06-15,115.43,KES
1435,1,Mile 12 Market,Nigeria,2026-07-15,1263.01,NGN
1436,1,Wuse Market,Nigeria,2026-07-15,1271.5,NGN
1437,1,Bodija Market,Nigeria,2026-07-15,1297.36,NGN
1438,1,Makola Market,Ghana,2026-07-15,14.9,GHS
1439,1,Kumasi Central,Ghana,2026-07-15,14.8,GHS
1440,1,Wakulima Market,Kenya,2026-07-15,162.87,KES
1441,1,Kongowea Market,Kenya,2026-07-15,171.91,KES
1442,2,Mile 12 Market,Nigeria,2026-07-15,1750.51,NGN
1443,2,Wuse Market,Nigeria,2026-07-15,1796.58,NGN
1444,2,Makola Market,Ghana,2026-07-15,23.45,GHS
1445,2,Kumasi Central,Ghana,2026-07-15,20.93,GHS
1446,2,Wakulima Market,Kenya,2026-07-15,264.54,KES
1447,2,Kongowea Market,Kenya,2026-07-15,279.93,KES
1448,3,Mile 12 Market,Nigeria,2026-07-15,728.71,NGN
1449,3,Wuse Market,Nigeria,2026-07-15,618.52,NGN
1450,3,Bodija Market,Nigeria,2026-07-15,627.05,NGN
1451,3,Makola Market,Ghana,2026-07-15,7.51,GHS
1452,3,Kumasi Central,Ghana,2026-07-15,7.94,GHS
1453,3,Wakulima Market,Kenya,2026-07-15,97.81,KES
1454,3,Kongowea Market,Kenya,2026-07-15,90.67,KES
1455,4,Mile 12 Market,Nigeria,2026-07-15,1133.26,NGN
1456,4,Wuse Market,Nigeria,2026-07-15,1125.02,NGN
1457,4,Bodija Market,Nigeria,2026-07-15,1325.99,NGN
1458,4,Makola Market,Ghana,2026-07-15,14.77,GHS
1459,4,Kumasi Central,Ghana,2026-07-15,15.15,GHS
1460,4,Wakulima Market,Kenya,2026-07-15,169.02,KES
1461,4,Kongowea Market,Kenya,2026-07-15,145.29,KES
1462,5,Mile 12 Market,Nigeria,2026-07-15,571.24,NGN
1463,5,Wuse Market,Nigeria,2026-07-15,482.76,NGN
1464,5,Bodija Market,Nigeria,2026-07-15,570.36,NGN
1465,5,Makola Market,Ghana,2026-07-15,5.64,GHS
1466,5,Kumasi Central,Ghana,2026-07-15,6.52,GHS
1467,5,Kongowea Market,Kenya,2026-07-15,55.09,KES
1468,6,Mile 12 Market,Nigeria,2026-07-15,1558.95,NGN
1469,6,Wuse Market,Nigeria,2026-07-15,1467.53,NGN
1470,6,Bodija Market,Nigeria,2026-07-15,1642.54,NGN
1471,6,Makola Market,Ghana,2026-07-15,18.28,GHS
1472,6,Kumasi Central,Ghana,2026-07-15,19.24,GHS
1473,6,Kongowea Market,Kenya,2026-07-15,178.94,KES
1474,7,Mile 12 Market,Nigeria,2026-07-15,1110.5,NGN
1475,7,Wuse Market,Nigeria,2026-07-15,1069.81,NGN
1476,7,Bodija Market,Nigeria,2026-07-15,954.7,NGN
1477,7,Makola Market,Ghana,2026-07-15,10.69,GHS
1478,7,Kumasi Central,Ghana,2026-07-15,13.75,GHS
1479,7,Wakulima Market,Kenya,2026-07-15,147.73,KES
1480,7,Kongowea Market,Kenya,2026-07-15,140.58,KES
1481,8,Mile 12 Market,Nigeria,2026-07-15,2039.88,NGN
1482,8,Wuse Market,Nigeria,2026-07-15,1630.29,NGN
1483,8,Bodija Market,Nigeria,2026-07-15,1824.31,NGN
1484,8,Makola Market,Ghana,2026-07-15,17.72,GHS
1485,8,Kumasi Central,Ghana,2026-07-15,20.96,GHS
1486,8,Wakulima Market,Kenya,2026-07-15,206.27,KES
1487,8,Kongowea Market,Kenya,2026-07-15,249.3,KES
1488,9,Mile 12 Market,Nigeria,2026-07-15,4232.14,NGN
1489,9,Wuse Market,Nigeria,2026-07-15,4050.05,NGN
1490,9,Bodija Market,Nigeria,2026-07-15,3770.72,NGN
1491,9,Makola Market,Ghana,2026-07-15,43.6,GHS
1492,9,Kumasi Central,Ghana,2026-07-15,40.35,GHS
1493,9,Wakulima Market,Kenya,2026-07-15,481.89,KES
1494,9,Kongowea Market,Kenya,2026-07-15,505.21,KES
1495,10,Mile 12 Market,Nigeria,2026-07-15,4145.46,NGN
1496,10,Wuse Market,Nigeria,2026-07-15,5259.97,NGN
1497,10,Bodija Market,Nigeria,2026-07-15,5059.02,NGN
1498,10,Makola Market,Ghana,2026-07-15,52.29,GHS
1499,10,Kumasi Central,Ghana,2026-07-15,59.17,GHS
1500,10,Wakulima Market,Kenya,2026-07-15,552.67,KES
1501,10,Kongowea Market,Kenya,2026-07-15,560.48,KES
1502,11,Mile 12 Market,Nigeria,2026-07-15,1518.47,NGN
1503,11,Wuse Market,Nigeria,2026-07-15,1361.01,NGN
1504,11,Bodija Market,Nigeria,2026-07-15,1162.67,NGN
1505,11,Makola Market,Ghana,2026-07-15,15.0,GHS
1506,11,Kumasi Central,Ghana,2026-07-15,16.85,GHS
1507,11,Wakulima Market,Kenya,2026-07-15,141.05,KES
1508,11,Kongowea Market,Kenya,2026-07-15,157.81,KES
1509,12,Mile 12 Market,Nigeria,2026-07-15,930.6,NGN
1510,12,Wuse Market,Nigeria,2026-07-15,898.66,NGN
1511,12,Bodija Market,Nigeria,2026-07-15,811.56,NGN
1512,12,Makola Market,Ghana,2026-07-15,8.84,GHS
1513,12,Kumasi Central,Ghana,2026-07-15,8.06,GHS
1514,12,Wakulima Market,Kenya,2026-07-15,102.08,KES
1515,12,Kongowea Market,Kenya,2026-07-15,89.05,KES
1516,1,Mile 12 Market,Nigeria,2026-08-15,1459.37,NGN
1517,1,Wuse Market,Nigeria,2026-08-15,1296.27,NGN
1518,1,Bodija Market,Nigeria,2026-08-15,1178.08,NGN
1519,1,Makola Market,Ghana,2026-08-15,16.19,GHS
1520,1,Kumasi Central,Ghana,2026-08-15,15.11,GHS
1521,1,Wakulima Market,Kenya,2026-08-15,190.03,KES
1522,1,Kongowea Market,Kenya,2026-08-15,154.69,KES
1523,2,Mile 12 Market,Nigeria,2026-08-15,1956.7,NGN
1524,2,Wuse Market,Nigeria,2026-08-15,2084.55,NGN
1525,2,Bodija Market,Nigeria,2026-08-15,2188.5,NGN
1526,2,Makola Market,Ghana,2026-08-15,21.57,GHS
1527,2,Kumasi Central,Ghana,2026-08-15,23.18,GHS
1528,2,Wakulima Market,Kenya,2026-08-15,200.6,KES
1529,2,Kongowea Market,Kenya,2026-08-15,211.62,KES
1530,3,Mile 12 Market,Nigeria,2026-08-15,672.82,NGN
1531,3,Wuse Market,Nigeria,2026-08-15,661.74,NGN
1532,3,Bodija Market,Nigeria,2026-08-15,591.05,NGN
1533,3,Makola Market,Ghana,2026-08-15,8.7,GHS
1534,3,Kumasi Central,Ghana,2026-08-15,8.17,GHS
1535,3,Wakulima Market,Kenya,2026-08-15,73.58,KES
1536,3,Kongowea Market,Kenya,2026-08-15,76.76,KES
1537,4,Mile 12 Market,Nigeria,2026-08-15,1213.61,NGN
1538,4,Wuse Market,Nigeria,2026-08-15,1020.8,NGN
1539,4,Bodija Market,Nigeria,2026-08-15,1141.44,NGN
1540,4,Makola Market,Ghana,2026-08-15,15.69,GHS
1541,4,Kumasi Central,Ghana,2026-08-15,14.73,GHS
1542,4,Wakulima Market,Kenya,2026-08-15,133.64,KES
1543,4,Kongowea Market,Kenya,2026-08-15,137.04,KES
1544,5,Mile 12 Market,Nigeria,2026-08-15,534.63,NGN
1545,5,Bodija Market,Nigeria,2026-08-15,562.1,NGN
1546,5,Makola Market,Ghana,2026-08-15,6.56,GHS
1547,5,Wakulima Market,Kenya,2026-08-15,68.46,KES
1548,5,Kongowea Market,Kenya,2026-08-15,52.39,KES
1549,6,Mile 12 Market,Nigeria,2026-08-15,1279.83,NGN
1550,6,Wuse Market,Nigeria,2026-08-15,1460.47,NGN
1551,6,Bodija Market,Nigeria,2026-08-15,1635.31,NGN
1552,6,Makola Market,Ghana,2026-08-15,16.97,GHS
1553,6,Kumasi Central,Ghana,2026-08-15,14.74,GHS
1554,6,Wakulima Market,Kenya,2026-08-15,202.77,KES
1555,6,Kongowea Market,Kenya,2026-08-15,169.19,KES
1556,7,Mile 12 Market,Nigeria,2026-08-15,955.17,NGN
1557,7,Wuse Market,Nigeria,2026-08-15,851.59,NGN
1558,7,Bodija Market,Nigeria,2026-08-15,975.25,NGN
1559,7,Makola Market,Ghana,2026-08-15,13.12,GHS
1560,7,Wakulima Market,Kenya,2026-08-15,119.59,KES
1561,7,Kongowea Market,Kenya,2026-08-15,106.82,KES
1562,8,Mile 12 Market,Nigeria,2026-08-15,1587.19,NGN
1563,8,Wuse Market,Nigeria,2026-08-15,1936.98,NGN
1564,8,Bodija Market,Nigeria,2026-08-15,1542.85,NGN
1565,8,Makola Market,Ghana,2026-08-15,20.7,GHS
1566,8,Kumasi Central,Ghana,2026-08-15,22.15,GHS
1567,8,Kongowea Market,Kenya,2026-08-15,227.25,KES
1568,9,Mile 12 Market,Nigeria,2026-08-15,2976.31,NGN
1569,9,Wuse Market,Nigeria,2026-08-15,3126.19,NGN
1570,9,Makola Market,Ghana,2026-08-15,35.98,GHS
1571,9,Kumasi Central,Ghana,2026-08-15,34.64,GHS
1572,9,Wakulima Market,Kenya,2026-08-15,395.38,KES
1573,9,Kongowea Market,Kenya,2026-08-15,407.2,KES
1574,10,Mile 12 Market,Nigeria,2026-08-15,4945.12,NGN
1575,10,Wuse Market,Nigeria,2026-08-15,4001.47,NGN
1576,10,Bodija Market,Nigeria,2026-08-15,3967.63,NGN
1577,10,Makola Market,Ghana,2026-08-15,55.07,GHS
1578,10,Kumasi Central,Ghana,2026-08-15,59.42,GHS
1579,10,Wakulima Market,Kenya,2026-08-15,473.88,KES
1580,10,Kongowea Market,Kenya,2026-08-15,541.83,KES
1581,11,Mile 12 Market,Nigeria,2026-08-15,1394.46,NGN
1582,11,Wuse Market,Nigeria,2026-08-15,1062.72,NGN
1583,11,Kumasi Central,Ghana,2026-08-15,15.76,GHS
1584,11,Wakulima Market,Kenya,2026-08-15,152.18,KES
1585,11,Kongowea Market,Kenya,2026-08-15,170.28,KES
1586,12,Mile 12 Market,Nigeria,2026-08-15,681.96,NGN
1587,12,Wuse Market,Nigeria,2026-08-15,726.41,NGN
1588,12,Bodija Market,Nigeria,2026-08-15,744.09,NGN
1589,12,Makola Market,Ghana,2026-08-15,10.27,GHS
1590,12,Kumasi Central,Ghana,2026-08-15,8.67,GHS
1591,12,Wakulima Market,Kenya,2026-08-15,93.65,KES
1592,12,Kongowea Market,Kenya,2026-08-15,105.11,KES
1593,1,Wuse Market,Nigeria,2026-09-15,1453.29,NGN
1594,1,Bodija Market,Nigeria,2026-09-15,1212.14,NGN
1595,1,Makola Market,Ghana,2026-09-15,17.23,GHS
1596,1,Kumasi Central,Ghana,2026-09-15,13.04,GHS
1597,1,Wakulima Market,Kenya,2026-09-15,178.08,KES
1598,1,Kongowea Market,Kenya,2026-09-15,141.22,KES
1599,2,Mile 12 Market,Nigeria,2026-09-15,2061.99,NGN
1600,2,Wuse Market,Nigeria,2026-09-15,1972.81,NGN
1601,2,Bodija Market,Nigeria,2026-09-15,2008.22,NGN
1602,2,Makola Market,Ghana,2026-09-15,22.7,GHS
1603,2,Kumasi Central,Ghana,2026-09-15,20.11,GHS
1604,2,Wakulima Market,Kenya,2026-09-15,219.3,KES
1605,2,Kongowea Market,Kenya,2026-09-15,231.58,KES
1606,3,Mile 12 Market,Nigeria,2026-09-15,646.64,NGN
1607,3,Wuse Market,Nigeria,2026-09-15,594.33,NGN
1608,3,Bodija Market,Nigeria,2026-09-15,607.13,NGN
1609,3,Makola Market,Ghana,2026-09-15,6.64,GHS
1610,3,Kumasi Central,Ghana,2026-09-15,8.36,GHS
1611,3,Wakulima Market,Kenya,2026-09-15,88.22,KES
1612,3,Kongowea Market,Kenya,2026-09-15,88.08,KES
1613,4,Mile 12 Market,Nigeria,2026-09-15,992.85,NGN
1614,4,Wuse Market,Nigeria,2026-09-15,1307.58,NGN
1615,4,Bodija Market,Nigeria,2026-09-15,1139.45,NGN
1616,4,Kumasi Central,Ghana,2026-09-15,15.35,GHS
1617,4,Wakulima Market,Kenya,2026-09-15,165.08,KES
1618,4,Kongowea Market,Kenya,2026-09-15,142.86,KES
1619,5,Mile 12 Market,Nigeria,2026-09-15,474.99,NGN
1620,5,Wuse Market,Nigeria,2026-09-15,472.9,NGN
1621,5,Bodija Market,Nigeria,2026-09-15,506.71,NGN
1622,5,Makola Market,Ghana,2026-09-15,5.33,GHS
1623,5,Kumasi Central,Ghana,2026-09-15,5.05,GHS
1624,5,Wakulima Market,Kenya,2026-09-15,67.58,KES
1625,5,Kongowea Market,Kenya,2026-09-15,59.43,KES
1626,6,Mile 12 Market,Nigeria,2026-09-15,1554.77,NGN
1627,6,Wuse Market,Nigeria,2026-09-15,1285.96,NGN
1628,6,Bodija Market,Nigeria,2026-09-15,1360.1,NGN
1629,6,Kumasi Central,Ghana,2026-09-15,14.11,GHS
1630,6,Wakulima Market,Kenya,2026-09-15,192.87,KES
1631,6,Kongowea Market,Kenya,2026-09-15,186.22,KES
1632,7,Mile 12 Market,Nigeria,2026-09-15,916.87,NGN
1633,7,Wuse Market,Nigeria,2026-09-15,981.37,NGN
1634,7,Bodija Market,Nigeria,2026-09-15,1110.9,NGN
1635,7,Makola Market,Ghana,2026-09-15,10.09,GHS
1636,7,Kumasi Central,Ghana,2026-09-15,12.67,GHS
1637,7,Wakulima Market,Kenya,2026-09-15,106.54,KES
1638,7,Kongowea Market,Kenya,2026-09-15,131.4,KES
1639,8,Mile 12 Market,Nigeria,2026-09-15,1793.47,NGN
1640,8,Wuse Market,Nigeria,2026-09-15,1812.56,NGN
1641,8,Bodija Market,Nigeria,2026-09-15,1677.86,NGN
1642,8,Kumasi Central,Ghana,2026-09-15,19.63,GHS
1643,8,Wakulima Market,Kenya,2026-09-15,241.24,KES
1644,8,Kongowea Market,Kenya,2026-09-15,184.63,KES
1645,9,Mile 12 Market,Nigeria,2026-09-15,3580.33,NGN
1646,9,Wuse Market,Nigeria,2026-09-15,3124.63,NGN
1647,9,Bodija Market,Nigeria,2026-09-15,3670.85,NGN
1648,9,Makola Market,Ghana,2026-09-15,45.94,GHS
1649,9,Kumasi Central,Ghana,2026-09-15,36.14,GHS
1650,9,Kongowea Market,Kenya,2026-09-15,414.92,KES
1651,10,Mile 12 Market,Nigeria,2026-09-15,4425.62,NGN
1652,10,Wuse Market,Nigeria,2026-09-15,4361.03,NGN
1653,10,Bodija Market,Nigeria,2026-09-15,4711.08,NGN
1654,10,Makola Market,Ghana,2026-09-15,44.18,GHS
1655,10,Kumasi Central,Ghana,2026-09-15,54.07,GHS
1656,10,Wakulima Market,Kenya,2026-09-15,591.01,KES
1657,10,Kongowea Market,Kenya,2026-09-15,471.95,KES
1658,11,Mile 12 Market,Nigeria,2026-09-15,1088.47,NGN
1659,11,Wuse Market,Nigeria,2026-09-15,1096.46,NGN
1660,11,Bodija Market,Nigeria,2026-09-15,1423.56,NGN
1661,11,Makola Market,Ghana,2026-09-15,13.87,GHS
1662,11,Kumasi Central,Ghana,2026-09-15,14.0,GHS
1663,11,Wakulima Market,Kenya,2026-09-15,141.48,KES
1664,11,Kongowea Market,Kenya,2026-09-15,140.37,KES
1665,12,Mile 12 Market,Nigeria,2026-09-15,662.58,NGN
1666,12,Wuse Market,Nigeria,2026-09-15,805.41,NGN
1667,12,Bodija Market,Nigeria,2026-09-15,792.32,NGN
1668,12,Makola Market,Ghana,2026-09-15,7.74,GHS
1669,12,Kumasi Central,Ghana,2026-09-15,8.26,GHS
1670,12,Wakulima Market,Kenya,2026-09-15,94.41,KES
1671,12,Kongowea Market,Kenya,2026-09-15,102.07,KES
1672,1,Mile 12 Market,Nigeria,2026-10-15,1195.66,NGN
1673,1,Wuse Market,Nigeria,2026-10-15,1446.92,NGN
1674,1,Bodija Market,Nigeria,2026-10-15,1356.56,NGN
1675,1,Makola Market,Ghana,2026-10-15,17.17,GHS
1676,1,Kumasi Central,Ghana,2026-10-15,16.37,GHS
1677,1,Wakulima Market,Kenya,2026-10-15,187.64,KES
1678,2,Mile 12 Market,Nigeria,2026-10-15,1758.13,NGN
1679,2,Wuse Market,Nigeria,2026-10-15,1863.98,NGN
1680,2,Bodija Market,Nigeria,2026-10-15,2040.25,NGN
1681,2,Makola Market,Ghana,2026-10-15,22.19,GHS
1682,2,Kumasi Central,Ghana,2026-10-15,22.45,GHS
1683,2,Wakulima Market,Kenya,2026-10-15,256.74,KES
1684,2,Kongowea Market,Kenya,2026-10-15,267.09,KES
1685,3,Mile 12 Market,Nigeria,2026-10-15,729.36,NGN
1686,3,Wuse Market,Nigeria,2026-10-15,697.78,NGN
1687,3,Bodija Market,Nigeria,2026-10-15,560.46,NGN
1688,3,Makola Market,Ghana,2026-10-15,8.31,GHS
1689,3,Kumasi Central,Ghana,2026-10-15,8.22,GHS
1690,3,Wakulima Market,Kenya,2026-10-15,85.59,KES
1691,3,Kongowea Market,Kenya,2026-10-15,86.3,KES
1692,4,Mile 12 Market,Nigeria,2026-10-15,1144.61,NGN
1693,4,Bodija Market,Nigeria,2026-10-15,1194.92,NGN
1694,4,Makola Market,Ghana,2026-10-15,12.74,GHS
1695,4,Kumasi Central,Ghana,2026-10-15,12.94,GHS
1696,4,Wakulima Market,Kenya,2026-10-15,165.99,KES
1697,4,Kongowea Market,Kenya,2026-10-15,155.27,KES
1698,5,Mile 12 Market,Nigeria,2026-10-15,508.17,NGN
1699,5,Wuse Market,Nigeria,2026-10-15,517.9,NGN
1700,5,Makola Market,Ghana,2026-10-15,6.36,GHS
1701,5,Kumasi Central,Ghana,2026-10-15,4.98,GHS
1702,5,Wakulima Market,Kenya,2026-10-15,70.71,KES
1703,5,Kongowea Market,Kenya,2026-10-15,62.99,KES
1704,6,Mile 12 Market,Nigeria,2026-10-15,1466.73,NGN
1705,6,Wuse Market,Nigeria,2026-10-15,1519.55,NGN
1706,6,Makola Market,Ghana,2026-10-15,16.23,GHS
1707,6,Kumasi Central,Ghana,2026-10-15,18.51,GHS
1708,6,Kongowea Market,Kenya,2026-10-15,194.96,KES
1709,7,Mile 12 Market,Nigeria,2026-10-15,960.5,NGN
1710,7,Wuse Market,Nigeria,2026-10-15,891.59,NGN
1711,7,Bodija Market,Nigeria,2026-10-15,1023.96,NGN
1712,7,Makola Market,Ghana,2026-10-15,10.69,GHS
1713,7,Kumasi Central,Ghana,2026-10-15,9.7,GHS
1714,7,Wakulima Market,Kenya,2026-10-15,138.39,KES
1715,7,Kongowea Market,Kenya,2026-10-15,130.09,KES
1716,8,Mile 12 Market,Nigeria,2026-10-15,1947.78,NGN
1717,8,Wuse Market,Nigeria,2026-10-15,1847.75,NGN
1718,8,Bodija Market,Nigeria,2026-10-15,1801.21,NGN
1719,8,Makola Market,Ghana,2026-10-15,21.46,GHS
1720,8,Kumasi Central,Ghana,2026-10-15,20.11,GHS
1721,8,Wakulima Market,Kenya,2026-10-15,221.66,KES
1722,8,Kongowea Market,Kenya,2026-10-15,228.88,KES
1723,9,Mile 12 Market,Nigeria,2026-10-15,3120.17,NGN
1724,9,Wuse Market,Nigeria,2026-10-15,3025.71,NGN
1725,9,Bodija Market,Nigeria,2026-10-15,3535.97,NGN
1726,9,Makola Market,Ghana,2026-10-15,46.92,GHS
1727,9,Kumasi Central,Ghana,2026-10-15,38.17,GHS
1728,9,Wakulima Market,Kenya,2026-10-15,378.44,KES
1729,9,Kongowea Market,Kenya,2026-10-15,453.86,KES
1730,10,Mile 12 Market,Nigeria,2026-10-15,4848.1,NGN
1731,10,Wuse Market,Nigeria,2026-10-15,4992.73,NGN
1732,10,Bodija Market,Nigeria,2026-10-15,4237.69,NGN
1733,10,Makola Market,Ghana,2026-10-15,49.85,GHS
1734,10,Kumasi Central,Ghana,2026-10-15,46.58,GHS
1735,10,Kongowea Market,Kenya,2026-10-15,524.9,KES
1736,11,Mile 12 Market,Nigeria,2026-10-15,1313.21,NGN
1737,11,Wuse Market,Nigeria,2026-10-15,1279.59,NGN
1738,11,Bodija Market,Nigeria,2026-10-15,1303.48,NGN
1739,11,Makola Market,Ghana,2026-10-15,12.71,GHS
1740,11,Kumasi Central,Ghana,2026-10-15,16.62,GHS
1741,11,Wakulima Market,Kenya,2026-10-15,174.86,KES
1742,11,Kongowea Market,Kenya,2026-10-15,148.74,KES
1743,12,Mile 12 Market,Nigeria,2026-10-15,672.84,NGN
1744,12,Wuse Market,Nigeria,2026-10-15,849.69,NGN
1745,12,Bodija Market,Nigeria,2026-10-15,857.51,NGN
1746,12,Makola Market,Ghana,2026-10-15,9.24,GHS
1747,12,Kumasi Central,Ghana,2026-10-15,8.4,GHS
1748,12,Wakulima Market,Kenya,2026-10-15,105.63,KES
1749,12,Kongowea Market,Kenya,2026-10-15,84.79,KES
1750,1,Mile 12 Market,Nigeria,2026-11-15,1162.33,NGN
1751,1,Wuse Market,Nigeria,2026-11-15,1461.04,NGN
1752,1,Bodija Market,Nigeria,2026-11-15,1541.47,NGN
1753,1,Makola Market,Ghana,2026-11-15,17.65,GHS
1754,1,Kumasi Central,Ghana,2026-11-15,14.97,GHS
1755,1,Wakulima Market,Kenya,2026-11-15,191.7,KES
1756,1,Kongowea Market,Kenya,2026-11-15,168.33,KES
1757,2,Mile 12 Market,Nigeria,2026-11-15,2328.26,NGN
1758,2,Wuse Market,Nigeria,2026-11-15,1799.1,NGN
1759,2,Bodija Market,Nigeria,2026-11-15,1938.22,NGN
1760,2,Makola Market,Ghana,2026-11-15,26.43,GHS
1761,2,Kumasi Central,Ghana,2026-11-15,21.56,GHS
1762,2,Wakulima Market,Kenya,2026-11-15,239.37,KES
1763,2,Kongowea Market,Kenya,2026-11-15,244.86,KES
1764,3,Mile 12 Market,Nigeria,2026-11-15,781.99,NGN
1765,3,Wuse Market,Nigeria,2026-11-15,695.97,NGN
1766,3,Bodija Market,Nigeria,2026-11-15,730.1,NGN
1767,3,Makola Market,Ghana,2026-11-15,8.87,GHS
1768,3,Kumasi Central,Ghana,2026-11-15,8.78,GHS
1769,3,Wakulima Market,Kenya,2026-11-15,74.61,KES
1770,3,Kongowea Market,Kenya,2026-11-15,99.42,KES
1771,4,Mile 12 Market,Nigeria,2026-11-15,1273.89,NGN
1772,4,Wuse Market,Nigeria,2026-11-15,1393.02,NGN
1773,4,Bodija Market,Nigeria,2026-11-15,1197.31,NGN
1774,4,Makola Market,Ghana,2026-11-15,16.97,GHS
1775,4,Kumasi Central,Ghana,2026-11-15,13.37,GHS
1776,4,Wakulima Market,Kenya,2026-11-15,174.66,KES
1777,4,Kongowea Market,Kenya,2026-11-15,154.25,KES
1778,5,Mile 12 Market,Nigeria,2026-11-15,442.29,NGN
1779,5,Wuse Market,Nigeria,2026-11-15,435.16,NGN
1780,5,Bodija Market,Nigeria,2026-11-15,540.39,NGN
1781,5,Makola Market,Ghana,2026-11-15,5.97,GHS
1782,5,Kumasi Central,Ghana,2026-11-15,5.16,GHS
1783,5,Wakulima Market,Kenya,2026-11-15,73.92,KES
1784,5,Kongowea Market,Kenya,2026-11-15,59.21,KES
1785,6,Mile 12 Market,Nigeria,2026-11-15,1259.78,NGN
1786,6,Wuse Market,Nigeria,2026-11-15,1454.92,NGN
1787,6,Bodija Market,Nigeria,2026-11-15,1310.97,NGN
1788,6,Makola Market,Ghana,2026-11-15,18.28,GHS
1789,6,Kumasi Central,Ghana,2026-11-15,18.48,GHS
1790,6,Wakulima Market,Kenya,2026-11-15,169.87,KES
1791,6,Kongowea Market,Kenya,2026-11-15,186.53,KES
1792,7,Mile 12 Market,Nigeria,2026-11-15,1119.64,NGN
1793,7,Wuse Market,Nigeria,2026-11-15,1059.53,NGN
1794,7,Bodija Market,Nigeria,2026-11-15,1188.18,NGN
1795,7,Makola Market,Ghana,2026-11-15,13.02,GHS
1796,7,Kumasi Central,Ghana,2026-11-15,13.1,GHS
1797,7,Wakulima Market,Kenya,2026-11-15,110.53,KES
1798,7,Kongowea Market,Kenya,2026-11-15,114.62,KES
1799,8,Mile 12 Market,Nigeria,2026-11-15,2051.45,NGN
1800,8,Wuse Market,Nigeria,2026-11-15,2057.11,NGN
1801,8,Bodija Market,Nigeria,2026-11-15,1503.15,NGN
1802,8,Makola Market,Ghana,2026-11-15,22.24,GHS
1803,8,Kumasi Central,Ghana,2026-11-15,17.97,GHS
1804,8,Wakulima Market,Kenya,2026-11-15,236.32,KES
1805,8,Kongowea Market,Kenya,2026-11-15,243.82,KES
1806,9,Mile 12 Market,Nigeria,2026-11-15,3633.26,NGN
1807,9,Wuse Market,Nigeria,2026-11-15,3286.13,NGN
1808,9,Bodija Market,Nigeria,2026-11-15,3279.49,NGN
1809,9,Makola Market,Ghana,2026-11-15,39.3,GHS
1810,9,Kumasi Central,Ghana,2026-11-15,39.42,GHS
1811,9,Wakulima Market,Kenya,2026-11-15,435.81,KES
1812,9,Kongowea Market,Kenya,2026-11-15,395.67,KES
1813,10,Mile 12 Market,Nigeria,2026-11-15,4074.58,NGN
1814,10,Wuse Market,Nigeria,2026-11-15,5273.06,NGN
1815,10,Bodija Market,Nigeria,2026-11-15,4781.36,NGN
1816,10,Makola Market,Ghana,2026-11-15,47.56,GHS
1817,10,Wakulima Market,Kenya,2026-11-15,493.78,KES
1818,10,Kongowea Market,Kenya,2026-11-15,549.81,KES
1819,11,Mile 12 Market,Nigeria,2026-11-15,1345.8,NGN
1820,11,Wuse Market,Nigeria,2026-11-15,1132.32,NGN
1821,11,Bodija Market,Nigeria,2026-11-15,1375.08,NGN
1822,11,Makola Market,Ghana,2026-11-15,15.54,GHS
1823,11,Kumasi Central,Ghana,2026-11-15,13.35,GHS
1824,11,Wakulima Market,Kenya,2026-11-15,146.1,KES
1825,11,Kongowea Market,Kenya,2026-11-15,147.29,KES
1826,12,Mile 12 Market,Nigeria,2026-11-15,891.59,NGN
1827,12,Wuse Market,Nigeria,2026-11-15,803.35,NGN
1828,12,Bodija Market,Nigeria,2026-11-15,787.14,NGN
1829,12,Makola Market,Ghana,2026-11-15,10.67,GHS
1830,12,Kumasi Central,Ghana,2026-11-15,10.24,GHS
1831,12,Wakulima Market,Kenya,2026-11-15,114.32,KES
1832,12,Kongowea Market,Kenya,2026-11-15,87.41,KES
1833,1,Mile 12 Market,Nigeria,2026-12-15,1504.42,NGN
1834,1,Wuse Market,Nigeria,2026-12-15,1271.39,NGN
1835,1,Bodija Market,Nigeria,2026-12-15,1297.78,NGN
1836,1,Makola Market,Ghana,2026-12-15,16.15,GHS
1837,1,Kumasi Central,Ghana,2026-12-15,17.93,GHS
1838,1,Wakulima Market,Kenya,2026-12-15,199.57,KES
1839,1,Kongowea Market,Kenya,2026-12-15,192.72,KES
1840,2,Mile 12 Market,Nigeria,2026-12-15,1955.63,NGN
1841,2,Wuse Market,Nigeria,2026-12-15,2450.55,NGN
1842,2,Bodija Market,Nigeria,2026-12-15,2335.28,NGN
1843,2,Kumasi Central,Ghana,2026-12-15,28.77,GHS
1844,2,Wakulima Market,Kenya,2026-12-15,296.2,KES
1845,2,Kongowea Market,Kenya,2026-12-15,288.49,KES
1846,3,Mile 12 Market,Nigeria,2026-12-15,813.43,NGN
1847,3,Wuse Market,Nigeria,2026-12-15,767.58,NGN
1848,3,Bodija Market,Nigeria,2026-12-15,745.77,NGN
1849,3,Makola Market,Ghana,2026-12-15,8.59,GHS
1850,3,Kumasi Central,Ghana,2026-12-15,8.92,GHS
1851,3,Wakulima Market,Kenya,2026-12-15,80.52,KES
1852,3,Kongowea Market,Kenya,2026-12-15,85.2,KES
1853,4,Mile 12 Market,Nigeria,2026-12-15,1298.09,NGN
1854,4,Wuse Market,Nigeria,2026-12-15,1335.65,NGN
1855,4,Bodija Market,Nigeria,2026-12-15,1262.05,NGN
1856,4,Makola Market,Ghana,2026-12-15,15.07,GHS
1857,4,Kumasi Central,Ghana,2026-12-15,17.09,GHS
1858,4,Wakulima Market,Kenya,2026-12-15,177.5,KES
1859,4,Kongowea Market,Kenya,2026-12-15,185.51,KES
1860,5,Mile 12 Market,Nigeria,2026-12-15,474.89,NGN
1861,5,Wuse Market,Nigeria,2026-12-15,592.27,NGN
1862,5,Bodija Market,Nigeria,2026-12-15,489.89,NGN
1863,5,Makola Market,Ghana,2026-12-15,5.45,GHS
1864,5,Wakulima Market,Kenya,2026-12-15,65.95,KES
1865,5,Kongowea Market,Kenya,2026-12-15,69.35,KES
1866,6,Mile 12 Market,Nigeria,2026-12-15,1678.21,NGN
1867,6,Wuse Market,Nigeria,2026-12-15,1587.71,NGN
1868,6,Bodija Market,Nigeria,2026-12-15,1587.9,NGN
1869,6,Makola Market,Ghana,2026-12-15,15.74,GHS
1870,6,Kumasi Central,Ghana,2026-12-15,18.22,GHS
1871,6,Wakulima Market,Kenya,2026-12-15,180.01,KES
1872,6,Kongowea Market,Kenya,2026-12-15,211.7,KES
1873,7,Mile 12 Market,Nigeria,2026-12-15,1121.56,NGN
1874,7,Wuse Market,Nigeria,2026-12-15,934.12,NGN
1875,7,Bodija Market,Nigeria,2026-12-15,1238.87,NGN
1876,7,Makola Market,Ghana,2026-12-15,11.92,GHS
1877,7,Kumasi Central,Ghana,2026-12-15,13.45,GHS
1878,7,Wakulima Market,Kenya,2026-12-15,129.48,KES
1879,7,Kongowea Market,Kenya,2026-12-15,132.12,KES
1880,8,Mile 12 Market,Nigeria,2026-12-15,2144.21,NGN
1881,8,Wuse Market,Nigeria,2026-12-15,1676.71,NGN
1882,8,Bodija Market,Nigeria,2026-12-15,1962.64,NGN
1883,8,Makola Market,Ghana,2026-12-15,25.05,GHS
1884,8,Kumasi Central,Ghana,2026-12-15,23.53,GHS
1885,8,Wakulima Market,Kenya,2026-12-15,221.39,KES
1886,8,Kongowea Market,Kenya,2026-12-15,247.75,KES
1887,9,Mile 12 Market,Nigeria,2026-12-15,3782.54,NGN
1888,9,Bodija Market,Nigeria,2026-12-15,3741.9,NGN
1889,9,Makola Market,Ghana,2026-12-15,40.88,GHS
1890,9,Kumasi Central,Ghana,2026-12-15,41.83,GHS
1891,9,Kongowea Market,Kenya,2026-12-15,414.62,KES
1892,10,Mile 12 Market,Nigeria,2026-12-15,4391.26,NGN
1893,10,Wuse Market,Nigeria,2026-12-15,4296.5,NGN
1894,10,Bodija Market,Nigeria,2026-12-15,4440.03,NGN
1895,10,Makola Market,Ghana,2026-12-15,50.05,GHS
1896,10,Kumasi Central,Ghana,2026-12-15,51.96,GHS
1897,10,Wakulima Market,Kenya,2026-12-15,716.63,KES
1898,10,Kongowea Market,Kenya,2026-12-15,663.8,KES
1899,11,Mile 12 Market,Nigeria,2026-12-15,1303.44,NGN
1900,11,Wuse Market,Nigeria,2026-12-15,1292.09,NGN
1901,11,Bodija Market,Nigeria,2026-12-15,1352.84,NGN
1902,11,Makola Market,Ghana,2026-12-15,14.76,GHS
1903,11,Kumasi Central,Ghana,2026-12-15,18.18,GHS
1904,11,Wakulima Market,Kenya,2026-12-15,176.12,KES
1905,12,Mile 12 Market,Nigeria,2026-12-15,744.88,NGN
1906,12,Bodija Market,Nigeria,2026-12-15,737.18,NGN
1907,12,Makola Market,Ghana,2026-12-15,8.55,GHS
1908,12,Kumasi Central,Ghana,2026-12-15,9.53,GHS
1909,12,Wakulima Market,Kenya,2026-12-15,104.57,KES
1910,12,Kongowea Market,Kenya,2026-12-15,112.22,KES
