weather_id,country,state,reading_date,rainfall_mm,avg_temp_c,humidity_pct
1,Nigeria,Kaduna,2026-01-01,0.0,31.1,60.0
2,Nigeria,Kano,2026-01-01,1.3,25.4,50.1
3,Nigeria,Rivers,2026-01-01,6.0,27.0,64.1
4,Nigeria,Benue,2026-01-01,8.0,28.7,81.6
5,Nigeria,Oyo,2026-01-01,5.2,32.6,68.0
6,Ghana,Ashanti,2026-01-01,2.9,25.8,64.9
7,Ghana,Greater Accra,2026-01-01,0.0,24.2,54.9
8,Kenya,Nakuru,2026-01-01,7.0,26.7,73.9
9,Kenya,Kiambu,2026-01-01,0.9,24.4,54.9
10,Kenya,Kisumu,2026-01-01,3.8,20.9,56.9
11,Nigeria,Kaduna,2026-01-02,0.8,30.8,61.8
12,Nigeria,Kano,2026-01-02,1.4,27.6,50.9
13,Nigeria,Rivers,2026-01-02,6.4,25.0,61.9
14,Nigeria,Benue,2026-01-02,0.0,25.5,54.0
15,Nigeria,Oyo,2026-01-02,0.0,31.1,47.6
16,Ghana,Ashanti,2026-01-02,0.0,28.4,47.4
17,Ghana,Greater Accra,2026-01-02,3.5,28.6,62.1
18,Kenya,Nakuru,2026-01-02,0.0,25.5,54.0
19,Kenya,Kiambu,2026-01-02,4.0,23.9,60.7
20,Kenya,Kisumu,2026-01-02,0.0,27.8,58.5
21,Nigeria,Kaduna,2026-01-03,0.0,28.6,62.8
22,Nigeria,Kano,2026-01-03,2.6,26.8,58.2
23,Nigeria,Rivers,2026-01-03,0.3,28.1,52.3
24,Nigeria,Benue,2026-01-03,0.0,26.3,60.3
25,Nigeria,Oyo,2026-01-03,0.0,25.3,54.4
26,Ghana,Ashanti,2026-01-03,2.9,31.0,69.0
27,Ghana,Greater Accra,2026-01-03,3.6,29.0,58.9
28,Kenya,Nakuru,2026-01-03,1.3,23.2,66.0
29,Kenya,Kiambu,2026-01-03,0.0,27.6,55.3
30,Kenya,Kisumu,2026-01-03,2.6,22.7,64.9
31,Nigeria,Kaduna,2026-01-04,4.8,27.0,70.9
32,Nigeria,Kano,2026-01-04,5.1,29.5,75.9
33,Nigeria,Rivers,2026-01-04,0.6,27.9,56.7
34,Nigeria,Benue,2026-01-04,0.0,31.9,61.3
35,Nigeria,Oyo,2026-01-04,0.0,28.1,55.5
36,Ghana,Ashanti,2026-01-04,3.9,28.3,64.2
37,Ghana,Greater Accra,2026-01-04,9.7,31.0,76.8
38,Kenya,Nakuru,2026-01-04,0.0,21.6,53.1
39,Kenya,Kiambu,2026-01-04,6.0,27.5,68.6
40,Kenya,Kisumu,2026-01-04,0.0,27.5,47.4
41,Nigeria,Kaduna,2026-01-05,2.9,26.4,71.4
42,Nigeria,Kano,2026-01-05,6.5,30.4,75.8
43,Nigeria,Rivers,2026-01-05,0.0,31.4,49.7
44,Nigeria,Benue,2026-01-05,0.0,27.5,51.4
45,Nigeria,Oyo,2026-01-05,1.0,28.9,60.3
46,Ghana,Ashanti,2026-01-05,0.0,30.1,56.6
47,Ghana,Greater Accra,2026-01-05,0.8,24.8,49.9
48,Kenya,Nakuru,2026-01-05,0.7,20.2,65.2
49,Kenya,Kiambu,2026-01-05,3.9,20.7,72.8
50,Kenya,Kisumu,2026-01-05,0.0,22.9,60.4
51,Nigeria,Kaduna,2026-01-06,4.8,25.5,69.3
52,Nigeria,Kano,2026-01-06,0.6,27.5,64.7
53,Nigeria,Rivers,2026-01-06,0.0,26.4,52.5
54,Nigeria,Benue,2026-01-06,2.7,31.4,56.1
55,Nigeria,Oyo,2026-01-06,3.2,25.9,70.9
56,Ghana,Ashanti,2026-01-06,0.0,27.3,57.1
57,Ghana,Greater Accra,2026-01-06,0.0,26.2,62.3
58,Kenya,Nakuru,2026-01-06,0.0,22.0,49.0
59,Kenya,Kiambu,2026-01-06,9.8,20.8,70.1
60,Kenya,Kisumu,2026-01-06,0.0,27.0,55.5
61,Nigeria,Kaduna,2026-01-07,0.0,29.7,64.8
62,Nigeria,Kano,2026-01-07,2.5,27.9,60.7
63,Nigeria,Rivers,2026-01-07,0.0,25.2,55.9
64,Nigeria,Benue,2026-01-07,0.0,30.4,53.2
65,Nigeria,Oyo,2026-01-07,0.6,28.0,51.6
66,Ghana,Ashanti,2026-01-07,2.9,29.0,65.9
67,Ghana,Greater Accra,2026-01-07,3.2,31.5,71.6
68,Kenya,Nakuru,2026-01-07,0.5,21.6,59.6
69,Kenya,Kiambu,2026-01-07,0.0,26.3,53.4
70,Kenya,Kisumu,2026-01-07,8.3,27.9,75.1
71,Nigeria,Kaduna,2026-01-08,0.0,32.9,53.6
72,Nigeria,Kano,2026-01-08,0.0,27.0,56.2
73,Nigeria,Rivers,2026-01-08,10.1,25.2,76.0
74,Nigeria,Benue,2026-01-08,0.5,26.3,59.9
75,Nigeria,Oyo,2026-01-08,0.5,33.0,54.3
76,Ghana,Ashanti,2026-01-08,0.0,26.2,64.9
77,Ghana,Greater Accra,2026-01-08,0.0,26.7,47.6
78,Kenya,Nakuru,2026-01-08,0.0,27.0,63.7
79,Kenya,Kiambu,2026-01-08,6.7,22.4,66.0
80,Kenya,Kisumu,2026-01-08,1.9,23.8,58.2
81,Nigeria,Kaduna,2026-01-09,0.4,28.0,54.6
82,Nigeria,Kano,2026-01-09,0.0,29.1,64.9
83,Nigeria,Rivers,2026-01-09,0.0,26.1,53.2
84,Nigeria,Benue,2026-01-09,4.4,27.1,60.5
85,Nigeria,Oyo,2026-01-09,1.2,28.6,61.8
86,Ghana,Ashanti,2026-01-09,3.1,30.4,70.7
87,Ghana,Greater Accra,2026-01-09,7.0,24.2,65.4
88,Kenya,Nakuru,2026-01-09,0.0,26.1,51.4
89,Kenya,Kiambu,2026-01-09,2.1,24.6,56.2
90,Kenya,Kisumu,2026-01-09,2.8,20.7,54.8
91,Nigeria,Kaduna,2026-01-10,0.4,27.7,64.3
92,Nigeria,Kano,2026-01-10,0.0,25.6,57.5
93,Nigeria,Rivers,2026-01-10,11.8,30.0,80.1
94,Nigeria,Benue,2026-01-10,0.0,30.3,58.0
95,Nigeria,Oyo,2026-01-10,3.6,32.3,71.8
96,Ghana,Ashanti,2026-01-10,2.3,25.5,65.1
97,Ghana,Greater Accra,2026-01-10,5.1,29.5,62.5
98,Kenya,Nakuru,2026-01-10,3.8,25.7,62.7
99,Kenya,Kiambu,2026-01-10,0.0,26.5,59.7
100,Kenya,Kisumu,2026-01-10,0.0,24.0,59.7
101,Nigeria,Kaduna,2026-01-11,0.0,29.7,62.5
102,Nigeria,Kano,2026-01-11,2.7,28.5,62.5
103,Nigeria,Rivers,2026-01-11,11.0,27.1,88.1
104,Nigeria,Benue,2026-01-11,6.7,29.6,65.8
105,Nigeria,Oyo,2026-01-11,6.3,26.5,76.8
106,Ghana,Ashanti,2026-01-11,6.3,30.1,65.5
107,Ghana,Greater Accra,2026-01-11,0.0,26.4,54.4
108,Kenya,Nakuru,2026-01-11,6.2,25.1,65.1
109,Kenya,Kiambu,2026-01-11,1.5,21.9,50.5
110,Kenya,Kisumu,2026-01-11,5.2,27.1,71.2
111,Nigeria,Kaduna,2026-01-12,1.0,25.5,58.3
112,Nigeria,Kano,2026-01-12,3.8,32.2,56.9
113,Nigeria,Rivers,2026-01-12,1.7,30.4,67.0
114,Nigeria,Benue,2026-01-12,0.0,28.6,64.6
115,Nigeria,Oyo,2026-01-12,0.0,31.2,63.5
116,Ghana,Ashanti,2026-01-12,0.0,29.6,57.9
117,Ghana,Greater Accra,2026-01-12,6.5,29.8,67.7
118,Kenya,Nakuru,2026-01-12,0.2,22.9,62.0
119,Kenya,Kiambu,2026-01-12,0.0,23.9,56.8
120,Kenya,Kisumu,2026-01-12,4.0,26.0,60.2
121,Nigeria,Kaduna,2026-01-13,4.4,28.3,73.0
122,Nigeria,Kano,2026-01-13,6.9,27.6,77.2
123,Nigeria,Rivers,2026-01-13,5.3,31.9,67.6
124,Nigeria,Benue,2026-01-13,0.1,26.2,60.6
125,Nigeria,Oyo,2026-01-13,0.0,32.0,61.2
126,Ghana,Ashanti,2026-01-13,7.9,27.1,80.9
127,Ghana,Greater Accra,2026-01-13,3.8,27.5,70.4
128,Kenya,Nakuru,2026-01-13,4.6,27.2,60.3
129,Kenya,Kiambu,2026-01-13,4.1,20.1,65.0
130,Kenya,Kisumu,2026-01-13,0.6,22.2,51.9
131,Nigeria,Kaduna,2026-01-14,0.0,31.6,62.4
132,Nigeria,Kano,2026-01-14,1.5,27.2,54.0
133,Nigeria,Rivers,2026-01-14,0.0,28.5,62.3
134,Nigeria,Benue,2026-01-14,0.0,28.9,59.0
135,Nigeria,Oyo,2026-01-14,0.4,32.6,60.5
136,Ghana,Ashanti,2026-01-14,3.0,28.9,56.5
137,Ghana,Greater Accra,2026-01-14,0.0,25.7,55.8
138,Kenya,Nakuru,2026-01-14,1.0,27.7,60.6
139,Kenya,Kiambu,2026-01-14,0.0,24.9,58.0
140,Kenya,Kisumu,2026-01-14,4.4,24.8,66.7
141,Nigeria,Kaduna,2026-01-15,0.0,30.5,49.3
142,Nigeria,Kano,2026-01-15,4.8,29.5,66.5
143,Nigeria,Rivers,2026-01-15,5.3,27.0,76.2
144,Nigeria,Benue,2026-01-15,1.9,30.5,67.8
145,Nigeria,Oyo,2026-01-15,6.1,32.2,69.7
146,Ghana,Ashanti,2026-01-15,0.0,26.2,53.1
147,Ghana,Greater Accra,2026-01-15,3.2,31.2,71.7
148,Kenya,Nakuru,2026-01-15,0.0,26.3,57.3
149,Kenya,Kiambu,2026-01-15,6.8,24.9,77.3
150,Kenya,Kisumu,2026-01-15,0.0,22.0,57.1
151,Nigeria,Kaduna,2026-01-16,4.2,32.0,63.5
152,Nigeria,Kano,2026-01-16,0.0,26.2,52.8
153,Nigeria,Rivers,2026-01-16,0.0,32.2,64.0
154,Nigeria,Benue,2026-01-16,0.7,30.8,49.8
155,Nigeria,Oyo,2026-01-16,0.0,31.2,59.8
156,Ghana,Ashanti,2026-01-16,3.2,26.9,68.3
157,Ghana,Greater Accra,2026-01-16,0.0,24.0,53.4
158,Kenya,Nakuru,2026-01-16,2.0,25.0,61.6
159,Kenya,Kiambu,2026-01-16,3.6,23.9,60.9
160,Kenya,Kisumu,2026-01-16,0.0,27.1,50.6
161,Nigeria,Kaduna,2026-01-17,2.5,32.4,63.6
162,Nigeria,Kano,2026-01-17,0.0,27.4,48.1
163,Nigeria,Rivers,2026-01-17,5.1,29.0,63.3
164,Nigeria,Benue,2026-01-17,0.0,28.0,59.6
165,Nigeria,Oyo,2026-01-17,3.5,26.6,60.4
166,Ghana,Ashanti,2026-01-17,0.0,24.2,58.6
167,Ghana,Greater Accra,2026-01-17,0.0,30.2,64.9
168,Kenya,Nakuru,2026-01-17,3.3,23.6,61.5
169,Kenya,Kiambu,2026-01-17,3.9,22.5,72.8
170,Kenya,Kisumu,2026-01-17,5.1,23.6,62.3
171,Nigeria,Kaduna,2026-01-18,0.0,29.7,52.8
172,Nigeria,Kano,2026-01-18,0.0,25.1,47.9
173,Nigeria,Rivers,2026-01-18,0.0,26.1,62.0
174,Nigeria,Benue,2026-01-18,5.5,28.0,60.2
175,Nigeria,Oyo,2026-01-18,0.0,26.4,58.0
176,Ghana,Ashanti,2026-01-18,2.9,30.1,65.3
177,Ghana,Greater Accra,2026-01-18,0.0,24.3,56.2
178,Kenya,Nakuru,2026-01-18,7.5,25.8,77.1
179,Kenya,Kiambu,2026-01-18,0.0,21.1,48.8
180,Kenya,Kisumu,2026-01-18,1.7,21.3,63.7
181,Nigeria,Kaduna,2026-01-19,4.7,27.9,59.2
182,Nigeria,Kano,2026-01-19,3.6,27.7,56.4
183,Nigeria,Rivers,2026-01-19,0.3,28.3,62.0
184,Nigeria,Benue,2026-01-19,2.3,30.6,62.2
185,Nigeria,Oyo,2026-01-19,3.8,26.3,69.5
186,Ghana,Ashanti,2026-01-19,3.0,30.9,57.9
187,Ghana,Greater Accra,2026-01-19,7.2,24.2,75.1
188,Kenya,Nakuru,2026-01-19,3.6,25.6,63.9
189,Kenya,Kiambu,2026-01-19,8.0,27.6,82.6
190,Kenya,Kisumu,2026-01-19,3.3,21.1,60.3
191,Nigeria,Kaduna,2026-01-20,0.0,28.2,56.2
192,Nigeria,Kano,2026-01-20,5.2,27.3,59.3
193,Nigeria,Rivers,2026-01-20,0.6,25.5,52.0
194,Nigeria,Benue,2026-01-20,0.0,25.3,51.1
195,Nigeria,Oyo,2026-01-20,0.0,25.6,62.9
196,Ghana,Ashanti,2026-01-20,1.7,28.1,65.8
197,Ghana,Greater Accra,2026-01-20,0.0,24.1,58.3
198,Kenya,Nakuru,2026-01-20,2.9,25.0,58.4
199,Kenya,Kiambu,2026-01-20,0.0,26.7,60.6
200,Kenya,Kisumu,2026-01-20,4.3,22.1,60.5
201,Nigeria,Kaduna,2026-01-21,4.7,30.2,65.9
202,Nigeria,Kano,2026-01-21,0.0,28.6,64.4
203,Nigeria,Rivers,2026-01-21,0.0,26.6,49.0
204,Nigeria,Benue,2026-01-21,0.0,28.1,48.9
205,Nigeria,Oyo,2026-01-21,4.0,31.1,69.4
206,Ghana,Ashanti,2026-01-21,0.4,26.4,60.3
207,Ghana,Greater Accra,2026-01-21,2.7,26.4,61.5
208,Kenya,Nakuru,2026-01-21,6.7,25.2,66.6
209,Kenya,Kiambu,2026-01-21,7.4,21.7,64.5
210,Kenya,Kisumu,2026-01-21,0.0,20.1,61.9
211,Nigeria,Kaduna,2026-01-22,3.2,32.6,61.4
212,Nigeria,Kano,2026-01-22,0.0,27.6,64.7
213,Nigeria,Rivers,2026-01-22,0.0,28.9,57.1
214,Nigeria,Benue,2026-01-22,0.1,27.3,64.9
215,Nigeria,Oyo,2026-01-22,3.4,29.9,70.7
216,Ghana,Ashanti,2026-01-22,0.0,30.8,58.1
217,Ghana,Greater Accra,2026-01-22,7.5,31.4,69.8
218,Kenya,Nakuru,2026-01-22,0.0,23.1,57.2
219,Kenya,Kiambu,2026-01-22,2.2,21.7,55.5
220,Kenya,Kisumu,2026-01-22,2.6,23.4,68.8
221,Nigeria,Kaduna,2026-01-23,5.2,25.2,72.8
222,Nigeria,Kano,2026-01-23,3.4,32.2,60.3
223,Nigeria,Rivers,2026-01-23,0.8,32.1,63.2
224,Nigeria,Benue,2026-01-23,10.7,26.6,88.2
225,Nigeria,Oyo,2026-01-23,1.3,25.2,66.7
226,Ghana,Ashanti,2026-01-23,0.0,27.8,47.3
227,Ghana,Greater Accra,2026-01-23,4.0,31.0,66.7
228,Kenya,Nakuru,2026-01-23,3.0,24.5,58.8
229,Kenya,Kiambu,2026-01-23,0.2,25.9,50.1
230,Kenya,Kisumu,2026-01-23,0.0,20.5,59.2
231,Nigeria,Kaduna,2026-01-24,6.1,31.6,68.5
232,Nigeria,Kano,2026-01-24,2.4,32.8,62.8
233,Nigeria,Rivers,2026-01-24,2.9,31.2,58.7
234,Nigeria,Benue,2026-01-24,1.9,27.3,60.0
235,Nigeria,Oyo,2026-01-24,1.8,27.2,66.8
236,Ghana,Ashanti,2026-01-24,0.7,25.9,56.6
237,Ghana,Greater Accra,2026-01-24,7.3,31.0,78.8
238,Kenya,Nakuru,2026-01-24,1.6,23.5,67.8
239,Kenya,Kiambu,2026-01-24,0.0,26.8,47.9
240,Kenya,Kisumu,2026-01-24,1.7,22.9,61.7
241,Nigeria,Kaduna,2026-01-25,0.0,26.3,58.9
242,Nigeria,Kano,2026-01-25,2.7,28.0,63.2
243,Nigeria,Rivers,2026-01-25,5.5,27.8,62.7
244,Nigeria,Benue,2026-01-25,6.7,28.2,70.8
245,Nigeria,Oyo,2026-01-25,0.0,31.5,60.5
246,Ghana,Ashanti,2026-01-25,4.2,28.0,66.5
247,Ghana,Greater Accra,2026-01-25,0.0,28.8,62.9
248,Kenya,Nakuru,2026-01-25,4.8,22.7,64.4
249,Kenya,Kiambu,2026-01-25,0.0,26.9,50.0
250,Kenya,Kisumu,2026-01-25,2.9,20.3,62.8
251,Nigeria,Kaduna,2026-01-26,5.1,29.8,68.4
252,Nigeria,Kano,2026-01-26,0.0,31.7,49.9
253,Nigeria,Rivers,2026-01-26,2.2,31.5,55.7
254,Nigeria,Benue,2026-01-26,0.0,30.5,48.5
255,Nigeria,Oyo,2026-01-26,0.0,29.0,47.8
256,Ghana,Ashanti,2026-01-26,2.4,24.8,52.7
257,Ghana,Greater Accra,2026-01-26,6.9,25.3,67.0
258,Kenya,Nakuru,2026-01-26,0.0,25.7,53.0
259,Kenya,Kiambu,2026-01-26,6.3,26.4,71.4
260,Kenya,Kisumu,2026-01-26,5.9,23.2,72.3
261,Nigeria,Kaduna,2026-01-27,0.0,31.0,59.4
262,Nigeria,Kano,2026-01-27,4.8,32.9,62.0
263,Nigeria,Rivers,2026-01-27,0.1,30.6,60.7
264,Nigeria,Benue,2026-01-27,0.0,30.7,63.1
265,Nigeria,Oyo,2026-01-27,8.5,29.0,83.1
266,Ghana,Ashanti,2026-01-27,0.1,29.6,52.8
267,Ghana,Greater Accra,2026-01-27,1.6,25.7,62.2
268,Kenya,Nakuru,2026-01-27,0.0,27.6,50.4
269,Kenya,Kiambu,2026-01-27,4.8,21.7,73.0
270,Kenya,Kisumu,2026-01-27,1.8,25.4,52.4
271,Nigeria,Kaduna,2026-01-28,0.0,32.6,58.9
272,Nigeria,Kano,2026-01-28,2.1,25.1,62.6
273,Nigeria,Rivers,2026-01-28,0.0,27.4,58.1
274,Nigeria,Benue,2026-01-28,4.7,32.4,69.3
275,Nigeria,Oyo,2026-01-28,0.0,32.8,56.0
276,Ghana,Ashanti,2026-01-28,0.0,26.8,51.6
277,Ghana,Greater Accra,2026-01-28,0.0,30.0,60.9
278,Kenya,Nakuru,2026-01-28,2.7,23.4,63.7
279,Kenya,Kiambu,2026-01-28,8.6,25.5,84.8
280,Kenya,Kisumu,2026-01-28,0.0,23.0,64.3
281,Nigeria,Kaduna,2026-01-29,1.6,27.0,52.3
282,Nigeria,Kano,2026-01-29,0.0,27.0,62.0
283,Nigeria,Rivers,2026-01-29,0.3,28.0,53.7
284,Nigeria,Benue,2026-01-29,0.2,29.8,55.9
285,Nigeria,Oyo,2026-01-29,0.0,30.6,55.1
286,Ghana,Ashanti,2026-01-29,6.1,28.9,62.6
287,Ghana,Greater Accra,2026-01-29,0.0,29.4,47.5
288,Kenya,Nakuru,2026-01-29,0.0,24.1,48.2
289,Kenya,Kiambu,2026-01-29,2.8,24.5,68.0
290,Kenya,Kisumu,2026-01-29,4.4,24.3,70.2
291,Nigeria,Kaduna,2026-01-30,1.5,29.1,53.5
292,Nigeria,Kano,2026-01-30,3.5,28.6,70.4
293,Nigeria,Rivers,2026-01-30,6.8,28.4,74.9
294,Nigeria,Benue,2026-01-30,2.8,32.7,54.9
295,Nigeria,Oyo,2026-01-30,0.0,28.1,60.4
296,Ghana,Ashanti,2026-01-30,1.8,29.2,54.4
297,Ghana,Greater Accra,2026-01-30,0.0,25.8,62.6
298,Kenya,Nakuru,2026-01-30,3.9,24.7,64.8
299,Kenya,Kiambu,2026-01-30,0.0,27.6,49.1
300,Kenya,Kisumu,2026-01-30,0.0,21.3,49.4
301,Nigeria,Kaduna,2026-01-31,6.9,25.2,71.8
302,Nigeria,Kano,2026-01-31,0.8,31.4,56.5
303,Nigeria,Rivers,2026-01-31,0.0,27.9,56.8
304,Nigeria,Benue,2026-01-31,0.0,28.3,47.6
305,Nigeria,Oyo,2026-01-31,0.0,25.5,48.6
306,Ghana,Ashanti,2026-01-31,3.9,31.0,68.0
307,Ghana,Greater Accra,2026-01-31,0.0,25.9,63.7
308,Kenya,Nakuru,2026-01-31,2.3,21.1,52.6
309,Kenya,Kiambu,2026-01-31,3.7,21.6,67.4
310,Kenya,Kisumu,2026-01-31,2.8,24.4,63.5
311,Nigeria,Kaduna,2026-02-01,0.0,30.3,57.5
312,Nigeria,Kano,2026-02-01,3.0,25.9,54.6
313,Nigeria,Rivers,2026-02-01,2.5,31.0,59.8
314,Nigeria,Benue,2026-02-01,4.7,28.0,67.1
315,Nigeria,Oyo,2026-02-01,6.4,27.1,71.2
316,Ghana,Ashanti,2026-02-01,1.9,26.4,65.9
317,Ghana,Greater Accra,2026-02-01,0.2,27.8,51.4
318,Kenya,Nakuru,2026-02-01,4.2,25.3,65.3
319,Kenya,Kiambu,2026-02-01,2.1,24.4,63.0
320,Kenya,Kisumu,2026-02-01,3.9,26.9,57.2
321,Nigeria,Kaduna,2026-02-02,0.0,26.2,60.7
322,Nigeria,Kano,2026-02-02,0.0,28.8,64.8
323,Nigeria,Rivers,2026-02-02,3.7,30.0,62.8
324,Nigeria,Benue,2026-02-02,2.6,30.0,69.8
325,Nigeria,Oyo,2026-02-02,3.4,31.0,55.6
326,Ghana,Ashanti,2026-02-02,0.0,26.6,54.1
327,Ghana,Greater Accra,2026-02-02,3.8,27.0,63.8
328,Kenya,Nakuru,2026-02-02,7.5,26.7,68.4
329,Kenya,Kiambu,2026-02-02,5.3,27.6,68.4
330,Kenya,Kisumu,2026-02-02,0.0,23.3,62.7
331,Nigeria,Kaduna,2026-02-03,0.0,29.2,55.9
332,Nigeria,Kano,2026-02-03,0.0,25.6,57.8
333,Nigeria,Rivers,2026-02-03,0.0,30.6,61.0
334,Nigeria,Benue,2026-02-03,4.1,31.2,57.0
335,Nigeria,Oyo,2026-02-03,0.9,30.2,66.9
336,Ghana,Ashanti,2026-02-03,4.7,26.7,72.9
337,Ghana,Greater Accra,2026-02-03,0.0,30.8,55.5
338,Kenya,Nakuru,2026-02-03,0.0,23.9,60.6
339,Kenya,Kiambu,2026-02-03,4.3,24.5,69.3
340,Kenya,Kisumu,2026-02-03,0.0,24.8,61.1
341,Nigeria,Kaduna,2026-02-04,3.9,30.5,73.4
342,Nigeria,Kano,2026-02-04,4.3,29.3,67.9
343,Nigeria,Rivers,2026-02-04,6.7,32.5,78.2
344,Nigeria,Benue,2026-02-04,3.7,29.8,59.5
345,Nigeria,Oyo,2026-02-04,4.7,26.9,61.2
346,Ghana,Ashanti,2026-02-04,0.0,31.8,50.5
347,Ghana,Greater Accra,2026-02-04,0.0,26.2,57.8
348,Kenya,Nakuru,2026-02-04,6.7,25.4,65.7
349,Kenya,Kiambu,2026-02-04,0.0,26.4,59.4
350,Kenya,Kisumu,2026-02-04,0.0,21.5,59.3
351,Nigeria,Kaduna,2026-02-05,0.3,26.6,56.1
352,Nigeria,Kano,2026-02-05,0.0,29.2,49.1
353,Nigeria,Rivers,2026-02-05,0.9,27.0,59.9
354,Nigeria,Benue,2026-02-05,0.0,30.1,53.1
355,Nigeria,Oyo,2026-02-05,7.0,28.0,70.2
356,Ghana,Ashanti,2026-02-05,0.0,29.7,63.8
357,Ghana,Greater Accra,2026-02-05,0.0,26.0,48.3
358,Kenya,Nakuru,2026-02-05,2.4,21.0,59.4
359,Kenya,Kiambu,2026-02-05,0.0,20.5,61.6
360,Kenya,Kisumu,2026-02-05,0.2,22.0,56.5
361,Nigeria,Kaduna,2026-02-06,6.1,31.6,70.3
362,Nigeria,Kano,2026-02-06,0.0,28.4,51.8
363,Nigeria,Rivers,2026-02-06,7.1,28.9,65.2
364,Nigeria,Benue,2026-02-06,0.9,28.5,54.6
365,Nigeria,Oyo,2026-02-06,2.8,31.1,71.4
366,Ghana,Ashanti,2026-02-06,3.1,24.3,55.3
367,Ghana,Greater Accra,2026-02-06,5.4,25.0,61.1
368,Kenya,Nakuru,2026-02-06,4.6,25.9,65.2
369,Kenya,Kiambu,2026-02-06,7.2,20.5,65.6
370,Kenya,Kisumu,2026-02-06,3.0,27.8,66.8
371,Nigeria,Kaduna,2026-02-07,0.9,26.8,59.9
372,Nigeria,Kano,2026-02-07,4.4,31.0,73.8
373,Nigeria,Rivers,2026-02-07,0.0,25.2,57.5
374,Nigeria,Benue,2026-02-07,3.8,31.1,58.9
375,Nigeria,Oyo,2026-02-07,5.3,29.3,59.6
376,Ghana,Ashanti,2026-02-07,0.7,25.3,58.8
377,Ghana,Greater Accra,2026-02-07,0.0,30.5,49.2
378,Kenya,Nakuru,2026-02-07,0.0,22.0,54.3
379,Kenya,Kiambu,2026-02-07,1.8,27.1,67.6
380,Kenya,Kisumu,2026-02-07,7.0,22.2,63.1
381,Nigeria,Kaduna,2026-02-08,0.0,31.9,62.3
382,Nigeria,Kano,2026-02-08,0.0,28.6,51.2
383,Nigeria,Rivers,2026-02-08,3.9,28.6,58.6
384,Nigeria,Benue,2026-02-08,0.0,32.1,62.3
385,Nigeria,Oyo,2026-02-08,1.5,31.1,54.2
386,Ghana,Ashanti,2026-02-08,0.6,29.4,56.3
387,Ghana,Greater Accra,2026-02-08,4.1,24.2,65.5
388,Kenya,Nakuru,2026-02-08,0.0,23.1,55.0
389,Kenya,Kiambu,2026-02-08,2.1,20.6,66.9
390,Kenya,Kisumu,2026-02-08,3.6,25.5,58.4
391,Nigeria,Kaduna,2026-02-09,0.0,27.8,51.9
392,Nigeria,Kano,2026-02-09,3.1,30.7,70.3
393,Nigeria,Rivers,2026-02-09,0.0,32.7,59.4
394,Nigeria,Benue,2026-02-09,7.1,29.5,75.0
395,Nigeria,Oyo,2026-02-09,7.3,25.2,74.1
396,Ghana,Ashanti,2026-02-09,4.0,26.9,56.6
397,Ghana,Greater Accra,2026-02-09,0.0,27.4,54.9
398,Kenya,Nakuru,2026-02-09,3.2,22.8,59.2
399,Kenya,Kiambu,2026-02-09,4.1,21.3,60.5
400,Kenya,Kisumu,2026-02-09,0.0,24.7,56.3
401,Nigeria,Kaduna,2026-02-10,0.0,25.3,53.9
402,Nigeria,Kano,2026-02-10,1.0,25.4,53.4
403,Nigeria,Rivers,2026-02-10,0.9,29.9,59.0
404,Nigeria,Benue,2026-02-10,0.0,27.0,56.5
405,Nigeria,Oyo,2026-02-10,1.4,26.1,58.1
406,Ghana,Ashanti,2026-02-10,3.8,31.0,59.0
407,Ghana,Greater Accra,2026-02-10,0.0,24.5,62.7
408,Kenya,Nakuru,2026-02-10,2.8,25.0,63.7
409,Kenya,Kiambu,2026-02-10,3.2,26.9,67.6
410,Kenya,Kisumu,2026-02-10,0.0,22.3,55.5
411,Nigeria,Kaduna,2026-02-11,0.0,25.1,64.3
412,Nigeria,Kano,2026-02-11,2.6,29.8,54.4
413,Nigeria,Rivers,2026-02-11,2.0,31.3,61.1
414,Nigeria,Benue,2026-02-11,0.0,31.2,57.0
415,Nigeria,Oyo,2026-02-11,0.0,29.3,50.4
416,Ghana,Ashanti,2026-02-11,3.3,30.3,60.5
417,Ghana,Greater Accra,2026-02-11,3.0,30.5,62.9
418,Kenya,Nakuru,2026-02-11,4.3,27.2,64.0
419,Kenya,Kiambu,2026-02-11,3.7,26.8,60.0
420,Kenya,Kisumu,2026-02-11,5.4,24.9,66.0
421,Nigeria,Kaduna,2026-02-12,2.4,28.6,65.4
422,Nigeria,Kano,2026-02-12,0.0,30.7,49.9
423,Nigeria,Rivers,2026-02-12,0.6,32.9,50.8
424,Nigeria,Benue,2026-02-12,0.8,27.3,58.3
425,Nigeria,Oyo,2026-02-12,0.0,29.4,60.1
426,Ghana,Ashanti,2026-02-12,1.9,31.1,59.8
427,Ghana,Greater Accra,2026-02-12,0.0,30.3,57.4
428,Kenya,Nakuru,2026-02-12,0.0,26.7,54.3
429,Kenya,Kiambu,2026-02-12,1.4,21.3,65.7
430,Kenya,Kisumu,2026-02-12,10.9,21.0,72.7
431,Nigeria,Kaduna,2026-02-13,13.1,31.7,79.2
432,Nigeria,Kano,2026-02-13,7.3,32.2,70.6
433,Nigeria,Rivers,2026-02-13,1.2,28.9,63.3
434,Nigeria,Benue,2026-02-13,2.3,26.7,66.3
435,Nigeria,Oyo,2026-02-13,1.5,29.7,64.1
436,Ghana,Ashanti,2026-02-13,0.0,25.1,61.3
437,Ghana,Greater Accra,2026-02-13,0.0,31.2,63.3
438,Kenya,Nakuru,2026-02-13,2.8,22.0,60.7
439,Kenya,Kiambu,2026-02-13,0.6,21.6,50.7
440,Kenya,Kisumu,2026-02-13,0.0,27.7,51.4
441,Nigeria,Kaduna,2026-02-14,5.0,25.8,65.2
442,Nigeria,Kano,2026-02-14,6.0,27.8,77.2
443,Nigeria,Rivers,2026-02-14,7.7,25.6,69.9
444,Nigeria,Benue,2026-02-14,0.0,31.6,56.9
445,Nigeria,Oyo,2026-02-14,12.4,31.8,76.8
446,Ghana,Ashanti,2026-02-14,4.3,26.7,62.6
447,Ghana,Greater Accra,2026-02-14,0.9,24.8,62.5
448,Kenya,Nakuru,2026-02-14,1.5,24.5,51.5
449,Kenya,Kiambu,2026-02-14,0.0,23.0,55.1
450,Kenya,Kisumu,2026-02-14,1.2,22.7,60.7
451,Nigeria,Kaduna,2026-02-15,0.0,27.9,61.4
452,Nigeria,Kano,2026-02-15,4.4,29.7,73.1
453,Nigeria,Rivers,2026-02-15,1.7,29.1,63.0
454,Nigeria,Benue,2026-02-15,0.0,29.4,60.5
455,Nigeria,Oyo,2026-02-15,0.0,26.2,61.8
456,Ghana,Ashanti,2026-02-15,1.0,26.6,62.1
457,Ghana,Greater Accra,2026-02-15,0.8,25.2,62.6
458,Kenya,Nakuru,2026-02-15,0.0,21.6,58.1
459,Kenya,Kiambu,2026-02-15,1.0,20.4,49.6
460,Kenya,Kisumu,2026-02-15,4.3,21.1,64.4
461,Nigeria,Kaduna,2026-02-16,4.0,32.1,63.9
462,Nigeria,Kano,2026-02-16,8.2,29.5,83.7
463,Nigeria,Rivers,2026-02-16,4.5,26.3,58.0
464,Nigeria,Benue,2026-02-16,13.4,30.8,92.0
465,Nigeria,Oyo,2026-02-16,3.2,26.3,66.5
466,Ghana,Ashanti,2026-02-16,10.2,24.9,82.5
467,Ghana,Greater Accra,2026-02-16,2.9,29.8,60.3
468,Kenya,Nakuru,2026-02-16,0.0,23.8,64.2
469,Kenya,Kiambu,2026-02-16,0.0,27.2,60.4
470,Kenya,Kisumu,2026-02-16,0.0,25.1,52.9
471,Nigeria,Kaduna,2026-02-17,4.9,30.7,67.6
472,Nigeria,Kano,2026-02-17,6.5,27.2,72.7
473,Nigeria,Rivers,2026-02-17,3.8,25.2,64.4
474,Nigeria,Benue,2026-02-17,0.0,27.6,56.2
475,Nigeria,Oyo,2026-02-17,0.0,28.2,64.1
476,Ghana,Ashanti,2026-02-17,1.5,26.4,66.1
477,Ghana,Greater Accra,2026-02-17,3.3,25.8,68.6
478,Kenya,Nakuru,2026-02-17,2.9,27.0,58.2
479,Kenya,Kiambu,2026-02-17,9.1,25.6,76.9
480,Kenya,Kisumu,2026-02-17,0.0,23.3,54.2
481,Nigeria,Kaduna,2026-02-18,0.0,26.9,58.2
482,Nigeria,Kano,2026-02-18,0.1,32.6,59.2
483,Nigeria,Rivers,2026-02-18,2.9,25.5,61.0
484,Nigeria,Benue,2026-02-18,0.0,28.5,54.5
485,Nigeria,Oyo,2026-02-18,5.1,28.0,64.2
486,Ghana,Ashanti,2026-02-18,1.0,27.9,67.3
487,Ghana,Greater Accra,2026-02-18,5.1,25.7,66.5
488,Kenya,Nakuru,2026-02-18,0.0,21.9,51.4
489,Kenya,Kiambu,2026-02-18,2.7,24.8,63.9
490,Kenya,Kisumu,2026-02-18,0.0,26.8,48.8
491,Nigeria,Kaduna,2026-02-19,7.2,26.2,71.2
492,Nigeria,Kano,2026-02-19,4.7,32.2,74.7
493,Nigeria,Rivers,2026-02-19,3.2,26.2,55.2
494,Nigeria,Benue,2026-02-19,0.0,28.8,47.6
495,Nigeria,Oyo,2026-02-19,0.0,30.4,63.5
496,Ghana,Ashanti,2026-02-19,8.9,29.6,79.6
497,Ghana,Greater Accra,2026-02-19,3.5,26.5,57.0
498,Kenya,Nakuru,2026-02-19,2.8,28.0,54.8
499,Kenya,Kiambu,2026-02-19,1.6,27.4,64.8
500,Kenya,Kisumu,2026-02-19,1.5,27.2,65.3
501,Nigeria,Kaduna,2026-02-20,0.0,27.3,62.1
502,Nigeria,Kano,2026-02-20,1.7,25.6,61.9
503,Nigeria,Rivers,2026-02-20,4.4,31.8,59.9
504,Nigeria,Benue,2026-02-20,4.9,31.2,67.6
505,Nigeria,Oyo,2026-02-20,0.0,27.3,54.1
506,Ghana,Ashanti,2026-02-20,1.6,26.7,53.5
507,Ghana,Greater Accra,2026-02-20,0.0,31.6,52.5
508,Kenya,Nakuru,2026-02-20,2.3,25.2,66.8
509,Kenya,Kiambu,2026-02-20,0.0,26.4,62.2
510,Kenya,Kisumu,2026-02-20,6.1,25.3,64.7
511,Nigeria,Kaduna,2026-02-21,0.0,25.3,48.1
512,Nigeria,Kano,2026-02-21,3.0,32.0,56.6
513,Nigeria,Rivers,2026-02-21,3.6,30.8,60.3
514,Nigeria,Benue,2026-02-21,1.5,27.7,56.2
515,Nigeria,Oyo,2026-02-21,1.8,28.3,67.9
516,Ghana,Ashanti,2026-02-21,6.1,29.3,73.1
517,Ghana,Greater Accra,2026-02-21,1.1,29.7,65.6
518,Kenya,Nakuru,2026-02-21,0.0,25.2,53.6
519,Kenya,Kiambu,2026-02-21,0.0,20.4,62.1
520,Kenya,Kisumu,2026-02-21,3.8,26.4,62.8
521,Nigeria,Kaduna,2026-02-22,3.2,32.7,68.5
522,Nigeria,Kano,2026-02-22,0.0,31.9,55.1
523,Nigeria,Rivers,2026-02-22,4.2,30.7,68.4
524,Nigeria,Benue,2026-02-22,0.0,32.7,60.5
525,Nigeria,Oyo,2026-02-22,3.2,32.0,57.4
526,Ghana,Ashanti,2026-02-22,0.0,26.0,48.7
527,Ghana,Greater Accra,2026-02-22,4.1,24.3,58.9
528,Kenya,Nakuru,2026-02-22,0.0,24.1,55.9
529,Kenya,Kiambu,2026-02-22,1.0,21.4,50.1
530,Kenya,Kisumu,2026-02-22,4.1,20.1,63.0
531,Nigeria,Kaduna,2026-02-23,0.0,27.7,48.9
532,Nigeria,Kano,2026-02-23,6.1,31.2,78.5
533,Nigeria,Rivers,2026-02-23,2.2,30.4,67.4
534,Nigeria,Benue,2026-02-23,3.7,31.0,60.3
535,Nigeria,Oyo,2026-02-23,0.0,29.7,63.7
536,Ghana,Ashanti,2026-02-23,4.6,25.6,71.5
537,Ghana,Greater Accra,2026-02-23,1.4,31.7,60.8
538,Kenya,Nakuru,2026-02-23,0.4,22.3,65.8
539,Kenya,Kiambu,2026-02-23,0.0,20.1,57.6
540,Kenya,Kisumu,2026-02-23,2.4,27.7,53.6
541,Nigeria,Kaduna,2026-02-24,3.5,28.7,71.0
542,Nigeria,Kano,2026-02-24,0.0,29.6,63.6
543,Nigeria,Rivers,2026-02-24,2.9,27.1,69.8
544,Nigeria,Benue,2026-02-24,0.0,31.8,61.7
545,Nigeria,Oyo,2026-02-24,0.0,28.2,47.1
546,Ghana,Ashanti,2026-02-24,0.0,25.8,51.0
547,Ghana,Greater Accra,2026-02-24,2.8,24.0,54.3
548,Kenya,Nakuru,2026-02-24,0.0,20.6,61.5
549,Kenya,Kiambu,2026-02-24,0.0,27.5,47.3
550,Kenya,Kisumu,2026-02-24,0.0,26.9,60.2
551,Nigeria,Kaduna,2026-02-25,2.2,31.2,64.1
552,Nigeria,Kano,2026-02-25,0.0,29.0,57.4
553,Nigeria,Rivers,2026-02-25,0.0,31.2,62.4
554,Nigeria,Benue,2026-02-25,0.4,32.4,55.0
555,Nigeria,Oyo,2026-02-25,1.1,30.2,49.8
556,Ghana,Ashanti,2026-02-25,0.0,27.4,52.9
557,Ghana,Greater Accra,2026-02-25,1.6,24.8,67.5
558,Kenya,Nakuru,2026-02-25,6.1,25.8,64.0
559,Kenya,Kiambu,2026-02-25,0.7,21.3,56.3
560,Kenya,Kisumu,2026-02-25,4.5,25.8,63.8
561,Nigeria,Kaduna,2026-02-26,1.8,33.0,63.6
562,Nigeria,Kano,2026-02-26,0.0,30.1,48.4
563,Nigeria,Rivers,2026-02-26,2.6,32.5,70.2
564,Nigeria,Benue,2026-02-26,3.2,25.5,68.2
565,Nigeria,Oyo,2026-02-26,1.7,26.4,64.6
566,Ghana,Ashanti,2026-02-26,0.0,26.7,56.0
567,Ghana,Greater Accra,2026-02-26,4.0,28.1,64.9
568,Kenya,Nakuru,2026-02-26,0.0,24.9,61.1
569,Kenya,Kiambu,2026-02-26,0.4,21.4,62.5
570,Kenya,Kisumu,2026-02-26,2.9,24.4,58.1
571,Nigeria,Kaduna,2026-02-27,10.3,31.4,85.0
572,Nigeria,Kano,2026-02-27,2.5,25.7,53.9
573,Nigeria,Rivers,2026-02-27,2.9,31.5,63.4
574,Nigeria,Benue,2026-02-27,3.4,28.8,71.4
575,Nigeria,Oyo,2026-02-27,0.8,31.8,63.2
576,Ghana,Ashanti,2026-02-27,0.8,27.5,63.3
577,Ghana,Greater Accra,2026-02-27,2.2,25.3,63.1
578,Kenya,Nakuru,2026-02-27,0.0,23.9,57.6
579,Kenya,Kiambu,2026-02-27,0.0,26.0,62.0
580,Kenya,Kisumu,2026-02-27,0.0,27.5,61.1
581,Nigeria,Kaduna,2026-02-28,0.0,27.6,53.6
582,Nigeria,Kano,2026-02-28,0.0,32.2,47.7
583,Nigeria,Rivers,2026-02-28,3.5,25.1,67.0
584,Nigeria,Benue,2026-02-28,6.3,28.0,67.6
585,Nigeria,Oyo,2026-02-28,1.5,27.5,58.8
586,Ghana,Ashanti,2026-02-28,1.0,25.1,51.1
587,Ghana,Greater Accra,2026-02-28,0.0,28.7,55.5
588,Kenya,Nakuru,2026-02-28,0.6,24.4,58.4
589,Kenya,Kiambu,2026-02-28,1.6,26.5,64.9
590,Kenya,Kisumu,2026-02-28,0.0,25.1,51.4
591,Nigeria,Kaduna,2026-03-01,0.0,25.3,48.9
592,Nigeria,Kano,2026-03-01,0.5,32.5,60.2
593,Nigeria,Rivers,2026-03-01,7.7,31.5,82.6
594,Nigeria,Benue,2026-03-01,1.4,27.2,65.6
595,Nigeria,Oyo,2026-03-01,12.3,27.9,84.3
596,Ghana,Ashanti,2026-03-01,0.2,29.9,54.8
597,Ghana,Greater Accra,2026-03-01,4.7,25.5,59.6
598,Kenya,Nakuru,2026-03-01,2.0,21.1,61.1
599,Kenya,Kiambu,2026-03-01,0.0,20.9,64.6
600,Kenya,Kisumu,2026-03-01,0.4,26.1,53.7
601,Nigeria,Kaduna,2026-03-02,5.2,29.7,60.5
602,Nigeria,Kano,2026-03-02,5.2,25.4,64.5
603,Nigeria,Rivers,2026-03-02,1.9,32.3,52.9
604,Nigeria,Benue,2026-03-02,0.0,30.7,63.8
605,Nigeria,Oyo,2026-03-02,4.9,32.3,70.2
606,Ghana,Ashanti,2026-03-02,0.0,24.8,54.3
607,Ghana,Greater Accra,2026-03-02,4.6,31.0,59.3
608,Kenya,Nakuru,2026-03-02,0.0,22.7,60.4
609,Kenya,Kiambu,2026-03-02,2.7,27.6,53.2
610,Kenya,Kisumu,2026-03-02,2.8,27.1,54.3
611,Nigeria,Kaduna,2026-03-03,3.0,25.9,56.7
612,Nigeria,Kano,2026-03-03,0.0,32.5,63.1
613,Nigeria,Rivers,2026-03-03,1.6,26.5,67.1
614,Nigeria,Benue,2026-03-03,5.1,30.6,60.6
615,Nigeria,Oyo,2026-03-03,3.2,30.8,56.7
616,Ghana,Ashanti,2026-03-03,0.0,29.9,61.8
617,Ghana,Greater Accra,2026-03-03,0.3,27.3,59.9
618,Kenya,Nakuru,2026-03-03,0.0,27.0,57.4
619,Kenya,Kiambu,2026-03-03,0.5,23.9,52.5
620,Kenya,Kisumu,2026-03-03,0.0,23.4,58.0
621,Nigeria,Kaduna,2026-03-04,0.0,27.3,49.5
622,Nigeria,Kano,2026-03-04,6.3,32.8,68.9
623,Nigeria,Rivers,2026-03-04,0.0,29.9,63.0
624,Nigeria,Benue,2026-03-04,0.0,30.7,51.6
625,Nigeria,Oyo,2026-03-04,1.3,25.9,60.7
626,Ghana,Ashanti,2026-03-04,1.4,30.0,62.6
627,Ghana,Greater Accra,2026-03-04,0.0,28.6,64.4
628,Kenya,Nakuru,2026-03-04,0.0,22.0,59.8
629,Kenya,Kiambu,2026-03-04,1.9,20.4,52.6
630,Kenya,Kisumu,2026-03-04,4.5,23.2,74.8
631,Nigeria,Kaduna,2026-03-05,1.2,25.0,53.5
632,Nigeria,Kano,2026-03-05,3.4,25.9,67.4
633,Nigeria,Rivers,2026-03-05,0.0,28.6,49.6
634,Nigeria,Benue,2026-03-05,3.4,30.2,57.0
635,Nigeria,Oyo,2026-03-05,0.0,28.0,56.3
636,Ghana,Ashanti,2026-03-05,9.6,26.2,81.0
637,Ghana,Greater Accra,2026-03-05,2.9,27.1,57.1
638,Kenya,Nakuru,2026-03-05,0.0,25.3,64.0
639,Kenya,Kiambu,2026-03-05,1.7,22.2,51.8
640,Kenya,Kisumu,2026-03-05,6.1,20.0,69.4
641,Nigeria,Kaduna,2026-03-06,9.3,25.5,76.6
642,Nigeria,Kano,2026-03-06,4.7,27.3,65.1
643,Nigeria,Rivers,2026-03-06,3.1,27.2,61.8
644,Nigeria,Benue,2026-03-06,0.0,25.1,61.2
645,Nigeria,Oyo,2026-03-06,0.0,27.8,58.6
646,Ghana,Ashanti,2026-03-06,0.5,27.6,60.6
647,Ghana,Greater Accra,2026-03-06,0.8,27.1,51.7
648,Kenya,Nakuru,2026-03-06,6.0,21.8,77.1
649,Kenya,Kiambu,2026-03-06,4.4,23.9,61.1
650,Kenya,Kisumu,2026-03-06,1.8,27.6,60.3
651,Nigeria,Kaduna,2026-03-07,3.3,30.8,63.9
652,Nigeria,Kano,2026-03-07,0.7,30.5,53.6
653,Nigeria,Rivers,2026-03-07,0.0,31.0,47.4
654,Nigeria,Benue,2026-03-07,0.0,29.5,62.9
655,Nigeria,Oyo,2026-03-07,1.7,31.5,64.5
656,Ghana,Ashanti,2026-03-07,4.8,29.3,67.9
657,Ghana,Greater Accra,2026-03-07,0.0,28.2,50.3
658,Kenya,Nakuru,2026-03-07,0.0,24.0,56.5
659,Kenya,Kiambu,2026-03-07,2.0,26.1,65.4
660,Kenya,Kisumu,2026-03-07,2.1,23.4,58.1
661,Nigeria,Kaduna,2026-03-08,0.0,30.9,60.0
662,Nigeria,Kano,2026-03-08,1.8,28.4,63.7
663,Nigeria,Rivers,2026-03-08,1.1,28.2,64.8
664,Nigeria,Benue,2026-03-08,4.1,29.8,66.7
665,Nigeria,Oyo,2026-03-08,5.2,26.6,63.4
666,Ghana,Ashanti,2026-03-08,4.1,24.4,62.4
667,Ghana,Greater Accra,2026-03-08,0.0,26.7,51.1
668,Kenya,Nakuru,2026-03-08,2.0,27.7,52.0
669,Kenya,Kiambu,2026-03-08,6.1,21.1,68.4
670,Kenya,Kisumu,2026-03-08,3.9,20.4,64.3
671,Nigeria,Kaduna,2026-03-09,0.0,25.8,64.8
672,Nigeria,Kano,2026-03-09,0.1,29.4,60.1
673,Nigeria,Rivers,2026-03-09,2.0,28.0,52.3
674,Nigeria,Benue,2026-03-09,4.2,25.1,67.3
675,Nigeria,Oyo,2026-03-09,3.9,29.7,64.0
676,Ghana,Ashanti,2026-03-09,3.7,25.7,61.7
677,Ghana,Greater Accra,2026-03-09,1.7,30.4,65.1
678,Kenya,Nakuru,2026-03-09,3.5,24.3,66.4
679,Kenya,Kiambu,2026-03-09,1.6,25.5,60.4
680,Kenya,Kisumu,2026-03-09,0.3,25.3,60.2
681,Nigeria,Kaduna,2026-03-10,9.2,31.5,72.0
682,Nigeria,Kano,2026-03-10,1.8,28.3,57.1
683,Nigeria,Rivers,2026-03-10,6.0,32.4,65.8
684,Nigeria,Benue,2026-03-10,4.3,28.4,63.2
685,Nigeria,Oyo,2026-03-10,0.0,30.6,47.5
686,Ghana,Ashanti,2026-03-10,4.9,24.8,69.6
687,Ghana,Greater Accra,2026-03-10,4.7,25.4,60.6
688,Kenya,Nakuru,2026-03-10,1.9,25.9,64.6
689,Kenya,Kiambu,2026-03-10,2.4,21.1,60.8
690,Kenya,Kisumu,2026-03-10,4.1,25.3,60.5
691,Nigeria,Kaduna,2026-03-11,2.8,32.3,57.2
692,Nigeria,Kano,2026-03-11,3.0,30.0,69.7
693,Nigeria,Rivers,2026-03-11,0.0,26.2,48.1
694,Nigeria,Benue,2026-03-11,7.3,32.2,72.3
695,Nigeria,Oyo,2026-03-11,5.4,29.3,71.7
696,Ghana,Ashanti,2026-03-11,1.7,31.1,52.8
697,Ghana,Greater Accra,2026-03-11,1.7,25.2,53.0
698,Kenya,Nakuru,2026-03-11,0.0,21.8,61.6
699,Kenya,Kiambu,2026-03-11,1.0,24.4,61.5
700,Kenya,Kisumu,2026-03-11,6.3,27.6,78.3
701,Nigeria,Kaduna,2026-03-12,8.7,32.9,82.9
702,Nigeria,Kano,2026-03-12,0.0,26.3,64.9
703,Nigeria,Rivers,2026-03-12,0.0,32.6,54.6
704,Nigeria,Benue,2026-03-12,0.4,29.9,62.3
705,Nigeria,Oyo,2026-03-12,0.9,26.7,62.3
706,Ghana,Ashanti,2026-03-12,4.6,30.2,57.8
707,Ghana,Greater Accra,2026-03-12,0.0,28.3,63.7
708,Kenya,Nakuru,2026-03-12,3.7,27.0,57.5
709,Kenya,Kiambu,2026-03-12,0.0,21.8,59.6
710,Kenya,Kisumu,2026-03-12,0.0,27.6,49.0
711,Nigeria,Kaduna,2026-03-13,0.0,29.6,60.3
712,Nigeria,Kano,2026-03-13,2.6,26.1,62.4
713,Nigeria,Rivers,2026-03-13,0.0,26.0,63.3
714,Nigeria,Benue,2026-03-13,0.8,29.1,59.8
715,Nigeria,Oyo,2026-03-13,3.7,29.4,61.7
716,Ghana,Ashanti,2026-03-13,0.0,28.3,51.7
717,Ghana,Greater Accra,2026-03-13,0.4,25.4,55.7
718,Kenya,Nakuru,2026-03-13,3.4,26.8,58.5
719,Kenya,Kiambu,2026-03-13,2.4,25.1,61.9
720,Kenya,Kisumu,2026-03-13,0.0,25.0,48.3
721,Nigeria,Kaduna,2026-03-14,0.6,30.9,54.1
722,Nigeria,Kano,2026-03-14,0.0,26.3,52.0
723,Nigeria,Rivers,2026-03-14,2.1,31.1,65.8
724,Nigeria,Benue,2026-03-14,0.7,31.2,61.0
725,Nigeria,Oyo,2026-03-14,5.7,25.7,63.0
726,Ghana,Ashanti,2026-03-14,0.0,29.9,58.5
727,Ghana,Greater Accra,2026-03-14,6.8,27.8,77.2
728,Kenya,Nakuru,2026-03-14,4.5,23.5,73.4
729,Kenya,Kiambu,2026-03-14,0.7,25.0,66.0
730,Kenya,Kisumu,2026-03-14,0.4,20.2,50.6
731,Nigeria,Kaduna,2026-03-15,0.0,25.9,63.5
732,Nigeria,Kano,2026-03-15,4.6,30.2,71.1
733,Nigeria,Rivers,2026-03-15,1.4,31.5,61.0
734,Nigeria,Benue,2026-03-15,3.2,29.6,62.9
735,Nigeria,Oyo,2026-03-15,0.0,25.6,50.2
736,Ghana,Ashanti,2026-03-15,2.0,30.1,60.6
737,Ghana,Greater Accra,2026-03-15,2.3,27.8,61.5
738,Kenya,Nakuru,2026-03-15,0.0,23.7,47.8
739,Kenya,Kiambu,2026-03-15,7.1,27.1,70.2
740,Kenya,Kisumu,2026-03-15,3.3,25.1,56.1
741,Nigeria,Kaduna,2026-03-16,1.0,26.2,56.0
742,Nigeria,Kano,2026-03-16,0.0,26.0,54.4
743,Nigeria,Rivers,2026-03-16,2.9,32.9,60.4
744,Nigeria,Benue,2026-03-16,0.0,25.4,52.6
745,Nigeria,Oyo,2026-03-16,4.0,30.8,66.2
746,Ghana,Ashanti,2026-03-16,6.1,24.3,69.5
747,Ghana,Greater Accra,2026-03-16,0.0,28.8,58.1
748,Kenya,Nakuru,2026-03-16,3.1,23.7,60.6
749,Kenya,Kiambu,2026-03-16,8.4,26.2,83.4
750,Kenya,Kisumu,2026-03-16,1.4,26.8,59.8
751,Nigeria,Kaduna,2026-03-17,2.5,31.4,69.4
752,Nigeria,Kano,2026-03-17,2.5,31.9,57.3
753,Nigeria,Rivers,2026-03-17,0.0,32.3,60.3
754,Nigeria,Benue,2026-03-17,0.0,27.1,60.2
755,Nigeria,Oyo,2026-03-17,7.1,29.4,71.8
756,Ghana,Ashanti,2026-03-17,0.1,31.0,51.8
757,Ghana,Greater Accra,2026-03-17,3.7,25.5,67.2
758,Kenya,Nakuru,2026-03-17,7.5,23.2,68.6
759,Kenya,Kiambu,2026-03-17,0.5,23.2,60.3
760,Kenya,Kisumu,2026-03-17,0.0,25.8,56.4
761,Nigeria,Kaduna,2026-03-18,0.0,27.5,52.4
762,Nigeria,Kano,2026-03-18,0.0,25.2,62.8
763,Nigeria,Rivers,2026-03-18,1.6,30.8,65.9
764,Nigeria,Benue,2026-03-18,0.0,28.4,48.9
765,Nigeria,Oyo,2026-03-18,4.5,28.7,58.0
766,Ghana,Ashanti,2026-03-18,0.8,27.1,65.8
767,Ghana,Greater Accra,2026-03-18,0.0,31.6,53.7
768,Kenya,Nakuru,2026-03-18,0.0,22.3,62.7
769,Kenya,Kiambu,2026-03-18,4.2,25.8,63.4
770,Kenya,Kisumu,2026-03-18,8.0,24.3,68.8
771,Nigeria,Kaduna,2026-03-19,4.4,30.8,69.1
772,Nigeria,Kano,2026-03-19,9.0,28.8,73.2
773,Nigeria,Rivers,2026-03-19,3.6,29.1,72.5
774,Nigeria,Benue,2026-03-19,0.0,29.2,63.5
775,Nigeria,Oyo,2026-03-19,4.3,25.9,61.3
776,Ghana,Ashanti,2026-03-19,1.9,29.6,60.7
777,Ghana,Greater Accra,2026-03-19,3.1,29.8,56.4
778,Kenya,Nakuru,2026-03-19,0.0,24.9,59.5
779,Kenya,Kiambu,2026-03-19,0.0,22.3,58.5
780,Kenya,Kisumu,2026-03-19,0.0,27.9,52.2
781,Nigeria,Kaduna,2026-03-20,2.3,32.8,67.1
782,Nigeria,Kano,2026-03-20,4.2,26.6,66.1
783,Nigeria,Rivers,2026-03-20,0.0,26.0,60.1
784,Nigeria,Benue,2026-03-20,0.0,31.5,61.5
785,Nigeria,Oyo,2026-03-20,6.8,28.6,71.1
786,Ghana,Ashanti,2026-03-20,4.9,31.0,60.5
787,Ghana,Greater Accra,2026-03-20,11.9,25.9,76.0
788,Kenya,Nakuru,2026-03-20,4.8,25.4,66.8
789,Kenya,Kiambu,2026-03-20,5.3,28.0,59.9
790,Kenya,Kisumu,2026-03-20,5.8,23.3,61.0
791,Nigeria,Kaduna,2026-03-21,3.0,31.0,67.6
792,Nigeria,Kano,2026-03-21,2.3,29.0,69.5
793,Nigeria,Rivers,2026-03-21,3.3,32.7,70.0
794,Nigeria,Benue,2026-03-21,1.4,31.2,63.2
795,Nigeria,Oyo,2026-03-21,1.0,32.3,53.0
796,Ghana,Ashanti,2026-03-21,1.4,24.2,64.9
797,Ghana,Greater Accra,2026-03-21,0.0,27.3,56.9
798,Kenya,Nakuru,2026-03-21,0.0,26.7,56.4
799,Kenya,Kiambu,2026-03-21,7.6,22.7,75.9
800,Kenya,Kisumu,2026-03-21,2.0,24.0,64.7
801,Nigeria,Kaduna,2026-03-22,3.9,32.7,72.3
802,Nigeria,Kano,2026-03-22,0.0,32.3,62.9
803,Nigeria,Rivers,2026-03-22,0.0,29.9,53.2
804,Nigeria,Benue,2026-03-22,0.0,32.1,48.4
805,Nigeria,Oyo,2026-03-22,0.0,32.0,58.5
806,Ghana,Ashanti,2026-03-22,0.0,28.6,49.0
807,Ghana,Greater Accra,2026-03-22,0.7,28.2,54.9
808,Kenya,Nakuru,2026-03-22,4.3,20.2,59.4
809,Kenya,Kiambu,2026-03-22,4.1,26.5,59.3
810,Kenya,Kisumu,2026-03-22,1.4,21.7,61.2
811,Nigeria,Kaduna,2026-03-23,3.3,27.2,60.6
812,Nigeria,Kano,2026-03-23,3.9,25.6,60.5
813,Nigeria,Rivers,2026-03-23,7.9,30.8,67.6
814,Nigeria,Benue,2026-03-23,3.0,29.3,70.8
815,Nigeria,Oyo,2026-03-23,5.2,25.2,73.2
816,Ghana,Ashanti,2026-03-23,2.5,25.9,69.6
817,Ghana,Greater Accra,2026-03-23,0.0,30.0,56.3
818,Kenya,Nakuru,2026-03-23,6.0,20.8,74.3
819,Kenya,Kiambu,2026-03-23,0.0,27.5,64.0
820,Kenya,Kisumu,2026-03-23,5.0,27.0,59.4
821,Nigeria,Kaduna,2026-03-24,4.3,28.2,67.9
822,Nigeria,Kano,2026-03-24,0.0,31.5,60.7
823,Nigeria,Rivers,2026-03-24,0.0,25.6,63.9
824,Nigeria,Benue,2026-03-24,5.5,26.7,76.8
825,Nigeria,Oyo,2026-03-24,1.8,27.7,52.2
826,Ghana,Ashanti,2026-03-24,0.0,27.4,56.9
827,Ghana,Greater Accra,2026-03-24,0.0,29.0,55.7
828,Kenya,Nakuru,2026-03-24,2.2,26.1,63.8
829,Kenya,Kiambu,2026-03-24,3.2,24.2,59.2
830,Kenya,Kisumu,2026-03-24,3.6,26.0,56.1
831,Nigeria,Kaduna,2026-03-25,1.9,25.0,60.9
832,Nigeria,Kano,2026-03-25,10.0,28.6,73.5
833,Nigeria,Rivers,2026-03-25,0.1,30.3,57.2
834,Nigeria,Benue,2026-03-25,5.8,32.1,62.9
835,Nigeria,Oyo,2026-03-25,4.3,28.0,69.9
836,Ghana,Ashanti,2026-03-25,2.3,24.4,64.4
837,Ghana,Greater Accra,2026-03-25,0.0,28.8,47.9
838,Kenya,Nakuru,2026-03-25,3.3,22.9,64.9
839,Kenya,Kiambu,2026-03-25,0.0,22.3,50.3
840,Kenya,Kisumu,2026-03-25,0.0,20.1,64.9
841,Nigeria,Kaduna,2026-03-26,6.8,26.3,76.2
842,Nigeria,Kano,2026-03-26,1.2,30.6,61.1
843,Nigeria,Rivers,2026-03-26,0.0,29.6,53.8
844,Nigeria,Benue,2026-03-26,0.0,31.2,52.3
845,Nigeria,Oyo,2026-03-26,0.0,29.8,60.1
846,Ghana,Ashanti,2026-03-26,0.0,29.4,64.7
847,Ghana,Greater Accra,2026-03-26,0.0,26.4,56.6
848,Kenya,Nakuru,2026-03-26,3.8,22.9,62.6
849,Kenya,Kiambu,2026-03-26,4.4,22.6,58.9
850,Kenya,Kisumu,2026-03-26,0.6,20.2,57.4
851,Nigeria,Kaduna,2026-03-27,0.0,32.8,50.5
852,Nigeria,Kano,2026-03-27,6.7,26.4,65.8
853,Nigeria,Rivers,2026-03-27,4.3,31.6,62.1
854,Nigeria,Benue,2026-03-27,7.9,26.1,82.6
855,Nigeria,Oyo,2026-03-27,0.0,32.5,54.3
856,Ghana,Ashanti,2026-03-27,4.4,29.6,74.9
857,Ghana,Greater Accra,2026-03-27,0.0,24.9,60.7
858,Kenya,Nakuru,2026-03-27,2.2,27.8,52.6
859,Kenya,Kiambu,2026-03-27,0.0,22.5,64.0
860,Kenya,Kisumu,2026-03-27,3.9,25.8,65.3
861,Nigeria,Kaduna,2026-03-28,2.6,29.8,59.5
862,Nigeria,Kano,2026-03-28,7.4,27.0,81.0
863,Nigeria,Rivers,2026-03-28,7.0,31.1,78.1
864,Nigeria,Benue,2026-03-28,8.0,32.8,80.4
865,Nigeria,Oyo,2026-03-28,9.6,32.1,71.2
866,Ghana,Ashanti,2026-03-28,0.0,25.1,59.5
867,Ghana,Greater Accra,2026-03-28,0.0,28.4,62.3
868,Kenya,Nakuru,2026-03-28,0.0,21.2,57.6
869,Kenya,Kiambu,2026-03-28,0.0,23.5,51.8
870,Kenya,Kisumu,2026-03-28,6.2,26.3,68.1
871,Nigeria,Kaduna,2026-03-29,0.0,25.6,61.9
872,Nigeria,Kano,2026-03-29,4.3,25.1,65.6
873,Nigeria,Rivers,2026-03-29,0.0,30.5,49.6
874,Nigeria,Benue,2026-03-29,4.2,26.5,66.1
875,Nigeria,Oyo,2026-03-29,0.0,31.0,51.5
876,Ghana,Ashanti,2026-03-29,0.0,25.5,51.8
877,Ghana,Greater Accra,2026-03-29,0.0,30.4,52.6
878,Kenya,Nakuru,2026-03-29,0.7,24.1,60.0
879,Kenya,Kiambu,2026-03-29,2.4,27.7,61.2
880,Kenya,Kisumu,2026-03-29,1.7,21.8,51.1
881,Nigeria,Kaduna,2026-03-30,4.1,28.1,72.3
882,Nigeria,Kano,2026-03-30,0.0,25.5,48.0
883,Nigeria,Rivers,2026-03-30,4.9,29.0,59.6
884,Nigeria,Benue,2026-03-30,0.0,30.3,61.7
885,Nigeria,Oyo,2026-03-30,0.0,31.8,47.9
886,Ghana,Ashanti,2026-03-30,10.6,24.5,80.9
887,Ghana,Greater Accra,2026-03-30,0.0,26.3,57.9
888,Kenya,Nakuru,2026-03-30,0.0,26.9,52.8
889,Kenya,Kiambu,2026-03-30,0.0,26.9,56.4
890,Kenya,Kisumu,2026-03-30,3.5,27.0,72.1
891,Nigeria,Kaduna,2026-03-31,0.0,25.4,53.6
892,Nigeria,Kano,2026-03-31,0.0,30.1,51.9
893,Nigeria,Rivers,2026-03-31,4.9,29.8,65.3
894,Nigeria,Benue,2026-03-31,0.0,25.5,64.0
895,Nigeria,Oyo,2026-03-31,6.3,31.1,69.0
896,Ghana,Ashanti,2026-03-31,0.0,25.0,49.5
897,Ghana,Greater Accra,2026-03-31,8.6,30.0,75.7
898,Kenya,Nakuru,2026-03-31,2.4,25.0,61.0
899,Kenya,Kiambu,2026-03-31,0.6,21.3,60.9
900,Kenya,Kisumu,2026-03-31,2.3,24.8,66.2
901,Nigeria,Kaduna,2026-04-01,4.7,29.2,67.3
902,Nigeria,Kano,2026-04-01,9.0,25.5,71.2
903,Nigeria,Rivers,2026-04-01,5.9,32.5,77.6
904,Nigeria,Benue,2026-04-01,7.8,27.5,77.8
905,Nigeria,Oyo,2026-04-01,6.7,32.7,64.5
906,Ghana,Ashanti,2026-04-01,8.2,28.4,67.4
907,Ghana,Greater Accra,2026-04-01,12.8,31.2,79.3
908,Kenya,Nakuru,2026-04-01,5.5,20.8,70.5
909,Kenya,Kiambu,2026-04-01,7.0,26.0,67.3
910,Kenya,Kisumu,2026-04-01,5.0,24.1,70.6
911,Nigeria,Kaduna,2026-04-02,8.2,29.6,72.0
912,Nigeria,Kano,2026-04-02,8.5,26.0,70.4
913,Nigeria,Rivers,2026-04-02,10.3,27.4,75.5
914,Nigeria,Benue,2026-04-02,7.7,25.4,82.0
915,Nigeria,Oyo,2026-04-02,7.3,26.1,71.0
916,Ghana,Ashanti,2026-04-02,2.3,28.1,69.9
917,Ghana,Greater Accra,2026-04-02,7.7,32.0,68.9
918,Kenya,Nakuru,2026-04-02,6.8,21.6,67.1
919,Kenya,Kiambu,2026-04-02,8.6,20.9,69.4
920,Kenya,Kisumu,2026-04-02,7.7,23.7,78.9
921,Nigeria,Kaduna,2026-04-03,3.8,26.5,56.0
922,Nigeria,Kano,2026-04-03,2.9,26.3,55.3
923,Nigeria,Rivers,2026-04-03,0.0,29.3,50.3
924,Nigeria,Benue,2026-04-03,5.4,30.0,64.1
925,Nigeria,Oyo,2026-04-03,8.8,29.6,73.3
926,Ghana,Ashanti,2026-04-03,3.2,30.6,68.6
927,Ghana,Greater Accra,2026-04-03,3.3,30.1,70.3
928,Kenya,Nakuru,2026-04-03,1.0,21.9,64.2
929,Kenya,Kiambu,2026-04-03,5.1,24.1,68.5
930,Kenya,Kisumu,2026-04-03,7.0,28.0,70.4
931,Nigeria,Kaduna,2026-04-04,2.2,28.6,65.5
932,Nigeria,Kano,2026-04-04,9.4,28.9,81.3
933,Nigeria,Rivers,2026-04-04,0.0,28.2,63.7
934,Nigeria,Benue,2026-04-04,3.4,26.0,63.5
935,Nigeria,Oyo,2026-04-04,12.4,29.0,91.6
936,Ghana,Ashanti,2026-04-04,8.0,28.1,79.9
937,Ghana,Greater Accra,2026-04-04,5.5,30.1,66.3
938,Kenya,Nakuru,2026-04-04,4.5,21.1,69.1
939,Kenya,Kiambu,2026-04-04,6.4,22.8,73.8
940,Kenya,Kisumu,2026-04-04,7.5,20.7,71.3
941,Nigeria,Kaduna,2026-04-05,7.7,31.2,74.4
942,Nigeria,Kano,2026-04-05,2.3,28.6,54.1
943,Nigeria,Rivers,2026-04-05,4.5,30.9,66.8
944,Nigeria,Benue,2026-04-05,10.2,31.2,73.5
945,Nigeria,Oyo,2026-04-05,7.2,29.5,80.9
946,Ghana,Ashanti,2026-04-05,4.7,30.0,75.1
947,Ghana,Greater Accra,2026-04-05,0.4,29.5,52.1
948,Kenya,Nakuru,2026-04-05,3.3,25.0,64.2
949,Kenya,Kiambu,2026-04-05,6.7,27.6,64.6
950,Kenya,Kisumu,2026-04-05,0.0,27.3,62.3
951,Nigeria,Kaduna,2026-04-06,7.9,30.5,69.4
952,Nigeria,Kano,2026-04-06,0.0,31.7,54.8
953,Nigeria,Rivers,2026-04-06,3.8,27.0,73.1
954,Nigeria,Benue,2026-04-06,0.0,30.2,52.4
955,Nigeria,Oyo,2026-04-06,0.0,29.9,57.0
956,Ghana,Ashanti,2026-04-06,0.2,24.5,49.0
957,Ghana,Greater Accra,2026-04-06,1.8,28.1,68.5
958,Kenya,Nakuru,2026-04-06,9.6,26.0,69.7
959,Kenya,Kiambu,2026-04-06,4.0,27.4,60.5
960,Kenya,Kisumu,2026-04-06,3.6,24.4,63.2
961,Nigeria,Kaduna,2026-04-07,0.1,32.8,50.5
962,Nigeria,Kano,2026-04-07,5.7,32.5,68.2
963,Nigeria,Rivers,2026-04-07,3.8,29.9,68.7
964,Nigeria,Benue,2026-04-07,6.1,30.3,69.3
965,Nigeria,Oyo,2026-04-07,1.4,29.3,65.7
966,Ghana,Ashanti,2026-04-07,2.0,28.6,59.5
967,Ghana,Greater Accra,2026-04-07,0.0,30.7,49.3
968,Kenya,Nakuru,2026-04-07,5.1,24.1,62.3
969,Kenya,Kiambu,2026-04-07,6.1,25.1,66.8
970,Kenya,Kisumu,2026-04-07,5.0,24.2,65.6
971,Nigeria,Kaduna,2026-04-08,7.2,26.9,64.5
972,Nigeria,Kano,2026-04-08,10.2,27.2,70.9
973,Nigeria,Rivers,2026-04-08,8.0,33.0,72.2
974,Nigeria,Benue,2026-04-08,2.7,30.0,65.5
975,Nigeria,Oyo,2026-04-08,4.1,26.0,61.5
976,Ghana,Ashanti,2026-04-08,4.6,28.3,71.5
977,Ghana,Greater Accra,2026-04-08,2.9,26.0,70.4
978,Kenya,Nakuru,2026-04-08,8.2,23.1,76.6
979,Kenya,Kiambu,2026-04-08,6.2,26.5,66.6
980,Kenya,Kisumu,2026-04-08,8.5,25.1,78.0
981,Nigeria,Kaduna,2026-04-09,8.3,29.6,71.0
982,Nigeria,Kano,2026-04-09,8.7,28.1,82.5
983,Nigeria,Rivers,2026-04-09,6.8,32.7,79.2
984,Nigeria,Benue,2026-04-09,3.0,32.5,60.1
985,Nigeria,Oyo,2026-04-09,5.8,30.4,66.3
986,Ghana,Ashanti,2026-04-09,6.4,28.3,67.8
987,Ghana,Greater Accra,2026-04-09,9.6,31.3,75.2
988,Kenya,Nakuru,2026-04-09,4.7,21.3,68.2
989,Kenya,Kiambu,2026-04-09,0.6,26.9,52.4
990,Kenya,Kisumu,2026-04-09,8.0,24.2,79.6
991,Nigeria,Kaduna,2026-04-10,3.1,32.9,63.1
992,Nigeria,Kano,2026-04-10,7.1,29.5,70.3
993,Nigeria,Rivers,2026-04-10,0.0,28.9,51.7
994,Nigeria,Benue,2026-04-10,12.4,28.1,90.7
995,Nigeria,Oyo,2026-04-10,2.5,31.0,66.7
996,Ghana,Ashanti,2026-04-10,9.9,26.3,74.5
997,Ghana,Greater Accra,2026-04-10,8.4,29.0,82.2
998,Kenya,Nakuru,2026-04-10,5.2,27.2,73.7
999,Kenya,Kiambu,2026-04-10,11.7,27.3,84.8
1000,Kenya,Kisumu,2026-04-10,8.4,21.3,69.9
1001,Nigeria,Kaduna,2026-04-11,6.8,26.9,76.9
1002,Nigeria,Kano,2026-04-11,1.9,25.7,57.9
1003,Nigeria,Rivers,2026-04-11,3.6,27.3,57.3
1004,Nigeria,Benue,2026-04-11,6.1,31.6,64.6
1005,Nigeria,Oyo,2026-04-11,5.5,30.0,63.5
1006,Ghana,Ashanti,2026-04-11,7.4,27.4,77.2
1007,Ghana,Greater Accra,2026-04-11,6.7,30.4,70.5
1008,Kenya,Nakuru,2026-04-11,4.4,22.5,57.5
1009,Kenya,Kiambu,2026-04-11,0.0,21.2,62.6
1010,Kenya,Kisumu,2026-04-11,0.0,26.4,52.1
1011,Nigeria,Kaduna,2026-04-12,5.2,31.2,62.2
1012,Nigeria,Kano,2026-04-12,3.3,28.1,64.1
1013,Nigeria,Rivers,2026-04-12,11.2,29.2,82.8
1014,Nigeria,Benue,2026-04-12,4.9,29.8,73.3
1015,Nigeria,Oyo,2026-04-12,5.0,27.9,62.8
1016,Ghana,Ashanti,2026-04-12,4.5,28.1,67.5
1017,Ghana,Greater Accra,2026-04-12,5.4,31.1,76.3
1018,Kenya,Nakuru,2026-04-12,1.0,24.5,65.7
1019,Kenya,Kiambu,2026-04-12,5.7,27.6,75.6
1020,Kenya,Kisumu,2026-04-12,0.9,24.7,56.6
1021,Nigeria,Kaduna,2026-04-13,5.1,27.2,74.3
1022,Nigeria,Kano,2026-04-13,0.0,26.1,59.8
1023,Nigeria,Rivers,2026-04-13,0.0,32.1,52.0
1024,Nigeria,Benue,2026-04-13,4.3,30.1,70.0
1025,Nigeria,Oyo,2026-04-13,1.6,31.9,65.0
1026,Ghana,Ashanti,2026-04-13,6.8,30.7,67.8
1027,Ghana,Greater Accra,2026-04-13,1.6,28.9,52.8
1028,Kenya,Nakuru,2026-04-13,5.0,20.7,70.9
1029,Kenya,Kiambu,2026-04-13,5.9,27.5,60.7
1030,Kenya,Kisumu,2026-04-13,4.9,20.3,61.1
1031,Nigeria,Kaduna,2026-04-14,3.0,29.7,69.7
1032,Nigeria,Kano,2026-04-14,10.4,25.6,75.1
1033,Nigeria,Rivers,2026-04-14,0.3,32.9,49.8
1034,Nigeria,Benue,2026-04-14,0.0,27.6,52.7
1035,Nigeria,Oyo,2026-04-14,5.9,28.8,70.0
1036,Ghana,Ashanti,2026-04-14,8.4,29.1,74.0
1037,Ghana,Greater Accra,2026-04-14,4.5,26.3,62.6
1038,Kenya,Nakuru,2026-04-14,0.0,24.2,58.1
1039,Kenya,Kiambu,2026-04-14,0.8,25.7,51.4
1040,Kenya,Kisumu,2026-04-14,8.7,27.7,79.3
1041,Nigeria,Kaduna,2026-04-15,8.9,32.2,81.6
1042,Nigeria,Kano,2026-04-15,3.4,30.8,60.0
1043,Nigeria,Rivers,2026-04-15,0.0,26.0,62.2
1044,Nigeria,Benue,2026-04-15,8.4,32.9,79.1
1045,Nigeria,Oyo,2026-04-15,7.9,32.6,66.4
1046,Ghana,Ashanti,2026-04-15,3.4,25.7,69.5
1047,Ghana,Greater Accra,2026-04-15,3.1,24.8,56.5
1048,Kenya,Nakuru,2026-04-15,0.0,26.7,49.3
1049,Kenya,Kiambu,2026-04-15,0.0,25.2,58.3
1050,Kenya,Kisumu,2026-04-15,0.0,25.0,48.1
1051,Nigeria,Kaduna,2026-04-16,4.4,29.2,64.6
1052,Nigeria,Kano,2026-04-16,0.0,28.9,50.7
1053,Nigeria,Rivers,2026-04-16,1.5,29.3,64.3
1054,Nigeria,Benue,2026-04-16,3.8,28.2,68.5
1055,Nigeria,Oyo,2026-04-16,3.7,26.4,61.9
1056,Ghana,Ashanti,2026-04-16,2.9,27.7,58.2
1057,Ghana,Greater Accra,2026-04-16,10.1,26.1,72.6
1058,Kenya,Nakuru,2026-04-16,4.1,21.2,66.8
1059,Kenya,Kiambu,2026-04-16,7.2,20.7,78.2
1060,Kenya,Kisumu,2026-04-16,5.5,26.8,72.9
1061,Nigeria,Kaduna,2026-04-17,0.7,26.9,50.4
1062,Nigeria,Kano,2026-04-17,8.9,25.4,83.2
1063,Nigeria,Rivers,2026-04-17,3.0,30.2,57.0
1064,Nigeria,Benue,2026-04-17,0.0,28.7,50.9
1065,Nigeria,Oyo,2026-04-17,0.0,26.7,57.2
1066,Ghana,Ashanti,2026-04-17,7.2,28.7,67.0
1067,Ghana,Greater Accra,2026-04-17,5.5,25.5,62.5
1068,Kenya,Nakuru,2026-04-17,4.2,27.6,73.0
1069,Kenya,Kiambu,2026-04-17,5.9,21.4,62.4
1070,Kenya,Kisumu,2026-04-17,9.0,23.4,73.6
1071,Nigeria,Kaduna,2026-04-18,6.0,27.4,70.7
1072,Nigeria,Kano,2026-04-18,3.7,26.2,71.7
1073,Nigeria,Rivers,2026-04-18,3.3,32.7,68.7
1074,Nigeria,Benue,2026-04-18,8.4,31.8,76.0
1075,Nigeria,Oyo,2026-04-18,1.0,27.1,51.4
1076,Ghana,Ashanti,2026-04-18,13.6,29.8,86.6
1077,Ghana,Greater Accra,2026-04-18,4.8,25.3,65.1
1078,Kenya,Nakuru,2026-04-18,0.3,22.0,48.1
1079,Kenya,Kiambu,2026-04-18,1.0,24.6,66.5
1080,Kenya,Kisumu,2026-04-18,12.0,24.0,87.4
1081,Nigeria,Kaduna,2026-04-19,11.3,29.8,88.2
1082,Nigeria,Kano,2026-04-19,10.7,29.7,71.6
1083,Nigeria,Rivers,2026-04-19,1.1,26.3,55.5
1084,Nigeria,Benue,2026-04-19,3.1,30.3,64.9
1085,Nigeria,Oyo,2026-04-19,5.5,30.8,63.6
1086,Ghana,Ashanti,2026-04-19,0.0,29.7,61.7
1087,Ghana,Greater Accra,2026-04-19,11.3,31.6,82.4
1088,Kenya,Nakuru,2026-04-19,12.5,21.0,76.3
1089,Kenya,Kiambu,2026-04-19,0.2,21.1,53.9
1090,Kenya,Kisumu,2026-04-19,0.0,25.8,60.1
1091,Nigeria,Kaduna,2026-04-20,7.4,25.3,64.9
1092,Nigeria,Kano,2026-04-20,5.9,31.1,69.3
1093,Nigeria,Rivers,2026-04-20,7.3,28.7,72.8
1094,Nigeria,Benue,2026-04-20,0.0,31.9,54.9
1095,Nigeria,Oyo,2026-04-20,2.5,30.8,68.6
1096,Ghana,Ashanti,2026-04-20,0.0,29.3,53.4
1097,Ghana,Greater Accra,2026-04-20,5.4,31.4,73.8
1098,Kenya,Nakuru,2026-04-20,9.9,27.4,84.1
1099,Kenya,Kiambu,2026-04-20,5.4,20.1,77.1
1100,Kenya,Kisumu,2026-04-20,3.9,21.9,63.0
1101,Nigeria,Kaduna,2026-04-21,9.5,31.4,74.7
1102,Nigeria,Kano,2026-04-21,7.6,28.7,70.7
1103,Nigeria,Rivers,2026-04-21,11.9,32.0,84.6
1104,Nigeria,Benue,2026-04-21,0.0,32.4,48.7
1105,Nigeria,Oyo,2026-04-21,6.0,26.3,77.6
1106,Ghana,Ashanti,2026-04-21,0.0,31.5,60.5
1107,Ghana,Greater Accra,2026-04-21,4.1,25.6,61.4
1108,Kenya,Nakuru,2026-04-21,3.5,26.9,64.2
1109,Kenya,Kiambu,2026-04-21,12.0,27.3,84.9
1110,Kenya,Kisumu,2026-04-21,7.6,27.9,66.0
1111,Nigeria,Kaduna,2026-04-22,3.2,29.9,56.4
1112,Nigeria,Kano,2026-04-22,0.7,28.2,59.9
1113,Nigeria,Rivers,2026-04-22,4.8,26.3,73.6
1114,Nigeria,Benue,2026-04-22,3.0,32.4,71.3
1115,Nigeria,Oyo,2026-04-22,0.0,26.1,49.1
1116,Ghana,Ashanti,2026-04-22,8.6,30.2,78.9
1117,Ghana,Greater Accra,2026-04-22,7.9,24.8,81.7
1118,Kenya,Nakuru,2026-04-22,7.6,20.3,75.6
1119,Kenya,Kiambu,2026-04-22,7.1,22.7,76.7
1120,Kenya,Kisumu,2026-04-22,5.4,24.2,67.4
1121,Nigeria,Kaduna,2026-04-23,5.1,31.0,62.5
1122,Nigeria,Kano,2026-04-23,14.1,27.3,82.9
1123,Nigeria,Rivers,2026-04-23,3.0,25.1,57.1
1124,Nigeria,Benue,2026-04-23,6.9,30.2,74.8
1125,Nigeria,Oyo,2026-04-23,3.5,26.2,69.1
1126,Ghana,Ashanti,2026-04-23,9.6,25.4,70.7
1127,Ghana,Greater Accra,2026-04-23,10.1,27.2,79.6
1128,Kenya,Nakuru,2026-04-23,5.7,27.4,75.6
1129,Kenya,Kiambu,2026-04-23,1.8,21.1,62.0
1130,Kenya,Kisumu,2026-04-23,3.4,23.0,55.0
1131,Nigeria,Kaduna,2026-04-24,6.2,31.8,79.1
1132,Nigeria,Kano,2026-04-24,2.6,27.8,59.9
1133,Nigeria,Rivers,2026-04-24,6.9,30.9,62.8
1134,Nigeria,Benue,2026-04-24,0.0,32.4,59.9
1135,Nigeria,Oyo,2026-04-24,1.7,31.2,61.3
1136,Ghana,Ashanti,2026-04-24,3.5,30.6,68.9
1137,Ghana,Greater Accra,2026-04-24,5.6,25.1,63.3
1138,Kenya,Nakuru,2026-04-24,9.4,27.5,78.4
1139,Kenya,Kiambu,2026-04-24,1.2,26.1,52.0
1140,Kenya,Kisumu,2026-04-24,4.0,26.8,60.9
1141,Nigeria,Kaduna,2026-04-25,10.9,26.2,74.5
1142,Nigeria,Kano,2026-04-25,8.0,28.9,66.3
1143,Nigeria,Rivers,2026-04-25,9.0,28.8,77.6
1144,Nigeria,Benue,2026-04-25,8.9,27.2,70.4
1145,Nigeria,Oyo,2026-04-25,1.8,30.8,52.8
1146,Ghana,Ashanti,2026-04-25,2.0,27.4,62.3
1147,Ghana,Greater Accra,2026-04-25,3.2,30.9,63.9
1148,Kenya,Nakuru,2026-04-25,6.1,27.6,63.0
1149,Kenya,Kiambu,2026-04-25,0.8,21.3,64.7
1150,Kenya,Kisumu,2026-04-25,14.0,25.1,79.2
1151,Nigeria,Kaduna,2026-04-26,2.6,25.3,54.0
1152,Nigeria,Kano,2026-04-26,0.0,25.1,53.5
1153,Nigeria,Rivers,2026-04-26,13.3,29.5,91.4
1154,Nigeria,Benue,2026-04-26,0.0,28.6,54.6
1155,Nigeria,Oyo,2026-04-26,6.3,28.0,72.1
1156,Ghana,Ashanti,2026-04-26,0.0,30.2,53.3
1157,Ghana,Greater Accra,2026-04-26,3.3,31.6,59.2
1158,Kenya,Nakuru,2026-04-26,12.5,26.7,78.3
1159,Kenya,Kiambu,2026-04-26,6.6,20.0,63.1
1160,Kenya,Kisumu,2026-04-26,0.9,20.5,51.1
1161,Nigeria,Kaduna,2026-04-27,5.4,26.7,74.0
1162,Nigeria,Kano,2026-04-27,3.0,30.9,61.3
1163,Nigeria,Rivers,2026-04-27,5.6,27.2,76.7
1164,Nigeria,Benue,2026-04-27,9.3,28.9,76.1
1165,Nigeria,Oyo,2026-04-27,5.6,25.8,73.0
1166,Ghana,Ashanti,2026-04-27,5.2,26.9,60.8
1167,Ghana,Greater Accra,2026-04-27,0.0,24.9,53.2
1168,Kenya,Nakuru,2026-04-27,0.6,20.5,49.8
1169,Kenya,Kiambu,2026-04-27,0.9,20.8,50.1
1170,Kenya,Kisumu,2026-04-27,4.8,25.7,64.0
1171,Nigeria,Kaduna,2026-04-28,12.2,27.3,92.5
1172,Nigeria,Kano,2026-04-28,3.6,32.6,64.1
1173,Nigeria,Rivers,2026-04-28,6.3,25.9,64.9
1174,Nigeria,Benue,2026-04-28,8.8,25.1,75.2
1175,Nigeria,Oyo,2026-04-28,0.4,30.4,55.9
1176,Ghana,Ashanti,2026-04-28,11.4,29.6,84.0
1177,Ghana,Greater Accra,2026-04-28,2.3,28.5,58.3
1178,Kenya,Nakuru,2026-04-28,5.1,28.0,73.1
1179,Kenya,Kiambu,2026-04-28,5.9,21.3,75.2
1180,Kenya,Kisumu,2026-04-28,0.0,27.5,63.6
1181,Nigeria,Kaduna,2026-04-29,9.4,28.5,71.4
1182,Nigeria,Kano,2026-04-29,0.0,27.8,48.2
1183,Nigeria,Rivers,2026-04-29,5.1,31.8,59.1
1184,Nigeria,Benue,2026-04-29,7.2,25.5,68.3
1185,Nigeria,Oyo,2026-04-29,3.4,32.7,66.1
1186,Ghana,Ashanti,2026-04-29,5.9,24.2,61.9
1187,Ghana,Greater Accra,2026-04-29,8.2,27.9,74.4
1188,Kenya,Nakuru,2026-04-29,7.9,27.3,65.9
1189,Kenya,Kiambu,2026-04-29,5.0,21.9,72.3
1190,Kenya,Kisumu,2026-04-29,1.9,24.4,66.1
1191,Nigeria,Kaduna,2026-04-30,0.0,30.7,59.5
1192,Nigeria,Kano,2026-04-30,2.6,29.6,58.7
1193,Nigeria,Rivers,2026-04-30,1.9,27.5,54.5
1194,Nigeria,Benue,2026-04-30,0.0,27.0,58.0
1195,Nigeria,Oyo,2026-04-30,10.2,30.2,81.2
1196,Ghana,Ashanti,2026-04-30,6.3,28.0,77.8
1197,Ghana,Greater Accra,2026-04-30,6.0,27.9,64.9
1198,Kenya,Nakuru,2026-04-30,0.2,20.5,55.8
1199,Kenya,Kiambu,2026-04-30,3.1,23.3,65.0
1200,Kenya,Kisumu,2026-04-30,5.8,26.0,62.1
1201,Nigeria,Kaduna,2026-05-01,13.4,26.2,86.5
1202,Nigeria,Kano,2026-05-01,0.0,32.6,55.7
1203,Nigeria,Rivers,2026-05-01,2.3,31.6,66.0
1204,Nigeria,Benue,2026-05-01,3.7,28.5,59.3
1205,Nigeria,Oyo,2026-05-01,3.2,29.7,59.6
1206,Ghana,Ashanti,2026-05-01,0.5,28.5,50.3
1207,Ghana,Greater Accra,2026-05-01,0.0,24.5,61.8
1208,Kenya,Nakuru,2026-05-01,0.4,22.1,63.7
1209,Kenya,Kiambu,2026-05-01,10.8,21.1,75.6
1210,Kenya,Kisumu,2026-05-01,0.0,20.4,55.3
1211,Nigeria,Kaduna,2026-05-02,11.4,25.8,80.5
1212,Nigeria,Kano,2026-05-02,0.6,31.7,60.3
1213,Nigeria,Rivers,2026-05-02,2.0,30.3,56.2
1214,Nigeria,Benue,2026-05-02,0.2,31.8,63.8
1215,Nigeria,Oyo,2026-05-02,0.0,25.7,53.6
1216,Ghana,Ashanti,2026-05-02,1.9,29.6,62.6
1217,Ghana,Greater Accra,2026-05-02,0.3,31.9,58.2
1218,Kenya,Nakuru,2026-05-02,4.6,27.2,73.8
1219,Kenya,Kiambu,2026-05-02,8.8,20.2,82.2
1220,Kenya,Kisumu,2026-05-02,7.2,24.0,74.1
1221,Nigeria,Kaduna,2026-05-03,3.5,25.2,69.9
1222,Nigeria,Kano,2026-05-03,10.7,25.6,81.5
1223,Nigeria,Rivers,2026-05-03,2.5,29.3,55.6
1224,Nigeria,Benue,2026-05-03,6.8,26.0,79.8
1225,Nigeria,Oyo,2026-05-03,8.6,30.9,71.0
1226,Ghana,Ashanti,2026-05-03,1.8,31.9,68.5
1227,Ghana,Greater Accra,2026-05-03,0.0,28.3,48.1
1228,Kenya,Nakuru,2026-05-03,11.6,20.2,83.4
1229,Kenya,Kiambu,2026-05-03,1.9,25.3,66.4
1230,Kenya,Kisumu,2026-05-03,6.7,21.4,65.8
1231,Nigeria,Kaduna,2026-05-04,1.9,28.2,65.1
1232,Nigeria,Kano,2026-05-04,3.7,30.3,72.3
1233,Nigeria,Rivers,2026-05-04,0.3,31.5,52.6
1234,Nigeria,Benue,2026-05-04,4.7,26.3,69.8
1235,Nigeria,Oyo,2026-05-04,0.6,28.7,61.9
1236,Ghana,Ashanti,2026-05-04,3.3,28.6,72.5
1237,Ghana,Greater Accra,2026-05-04,9.1,29.1,72.8
1238,Kenya,Nakuru,2026-05-04,3.1,24.7,58.2
1239,Kenya,Kiambu,2026-05-04,11.4,20.7,83.7
1240,Kenya,Kisumu,2026-05-04,10.9,20.9,79.7
1241,Nigeria,Kaduna,2026-05-05,0.0,27.0,55.8
1242,Nigeria,Kano,2026-05-05,5.2,30.4,73.5
1243,Nigeria,Rivers,2026-05-05,2.3,30.8,58.7
1244,Nigeria,Benue,2026-05-05,4.1,31.2,64.6
1245,Nigeria,Oyo,2026-05-05,7.1,30.4,70.6
1246,Ghana,Ashanti,2026-05-05,0.0,26.3,47.8
1247,Ghana,Greater Accra,2026-05-05,1.7,29.1,65.9
1248,Kenya,Nakuru,2026-05-05,2.4,23.0,62.5
1249,Kenya,Kiambu,2026-05-05,3.3,23.4,59.3
1250,Kenya,Kisumu,2026-05-05,0.0,24.1,49.7
1251,Nigeria,Kaduna,2026-05-06,2.8,27.7,60.5
1252,Nigeria,Kano,2026-05-06,5.8,26.3,77.1
1253,Nigeria,Rivers,2026-05-06,2.4,30.0,57.4
1254,Nigeria,Benue,2026-05-06,3.6,29.4,55.2
1255,Nigeria,Oyo,2026-05-06,14.9,31.2,86.2
1256,Ghana,Ashanti,2026-05-06,3.0,27.2,66.3
1257,Ghana,Greater Accra,2026-05-06,5.2,27.5,76.6
1258,Kenya,Nakuru,2026-05-06,6.1,23.2,63.9
1259,Kenya,Kiambu,2026-05-06,9.9,24.8,71.0
1260,Kenya,Kisumu,2026-05-06,4.6,20.2,72.6
1261,Nigeria,Kaduna,2026-05-07,6.3,33.0,63.6
1262,Nigeria,Kano,2026-05-07,5.8,32.2,78.3
1263,Nigeria,Rivers,2026-05-07,5.1,32.9,70.2
1264,Nigeria,Benue,2026-05-07,10.9,26.3,86.8
1265,Nigeria,Oyo,2026-05-07,6.2,26.9,69.7
1266,Ghana,Ashanti,2026-05-07,8.9,27.3,67.5
1267,Ghana,Greater Accra,2026-05-07,6.2,31.3,67.0
1268,Kenya,Nakuru,2026-05-07,7.8,24.1,72.1
1269,Kenya,Kiambu,2026-05-07,6.2,27.3,67.6
1270,Kenya,Kisumu,2026-05-07,0.0,27.6,60.5
1271,Nigeria,Kaduna,2026-05-08,1.9,29.9,59.0
1272,Nigeria,Kano,2026-05-08,5.1,30.2,74.4
1273,Nigeria,Rivers,2026-05-08,4.0,31.3,63.6
1274,Nigeria,Benue,2026-05-08,2.0,31.8,60.0
1275,Nigeria,Oyo,2026-05-08,4.5,32.5,58.5
1276,Ghana,Ashanti,2026-05-08,0.0,28.1,59.6
1277,Ghana,Greater Accra,2026-05-08,0.7,28.4,49.3
1278,Kenya,Nakuru,2026-05-08,2.1,24.3,68.1
1279,Kenya,Kiambu,2026-05-08,9.0,26.7,70.4
1280,Kenya,Kisumu,2026-05-08,5.1,22.2,66.6
1281,Nigeria,Kaduna,2026-05-09,0.0,25.8,51.1
1282,Nigeria,Kano,2026-05-09,9.0,27.6,71.0
1283,Nigeria,Rivers,2026-05-09,1.9,27.1,59.0
1284,Nigeria,Benue,2026-05-09,7.4,30.3,75.1
1285,Nigeria,Oyo,2026-05-09,10.3,29.7,83.3
1286,Ghana,Ashanti,2026-05-09,1.8,28.4,56.9
1287,Ghana,Greater Accra,2026-05-09,0.0,29.5,62.6
1288,Kenya,Nakuru,2026-05-09,4.8,22.6,68.6
1289,Kenya,Kiambu,2026-05-09,12.2,20.4,77.2
1290,Kenya,Kisumu,2026-05-09,4.0,21.1,67.1
1291,Nigeria,Kaduna,2026-05-10,8.3,31.2,83.9
1292,Nigeria,Kano,2026-05-10,12.0,27.0,91.3
1293,Nigeria,Rivers,2026-05-10,5.9,25.9,69.2
1294,Nigeria,Benue,2026-05-10,4.2,28.4,69.8
1295,Nigeria,Oyo,2026-05-10,5.8,31.0,70.3
1296,Ghana,Ashanti,2026-05-10,10.3,27.2,78.3
1297,Ghana,Greater Accra,2026-05-10,5.1,29.2,60.5
1298,Kenya,Nakuru,2026-05-10,15.9,24.6,89.5
1299,Kenya,Kiambu,2026-05-10,1.8,20.1,51.7
1300,Kenya,Kisumu,2026-05-10,2.7,25.2,63.5
1301,Nigeria,Kaduna,2026-05-11,6.2,32.8,65.7
1302,Nigeria,Kano,2026-05-11,1.8,25.4,67.8
1303,Nigeria,Rivers,2026-05-11,11.1,27.2,88.7
1304,Nigeria,Benue,2026-05-11,4.9,31.9,69.4
1305,Nigeria,Oyo,2026-05-11,1.3,27.6,57.8
1306,Ghana,Ashanti,2026-05-11,6.7,25.3,77.2
1307,Ghana,Greater Accra,2026-05-11,8.2,30.9,74.6
1308,Kenya,Nakuru,2026-05-11,3.5,23.5,64.8
1309,Kenya,Kiambu,2026-05-11,9.3,27.6,82.2
1310,Kenya,Kisumu,2026-05-11,5.8,27.7,63.8
1311,Nigeria,Kaduna,2026-05-12,0.0,28.4,51.4
1312,Nigeria,Kano,2026-05-12,4.8,31.3,62.6
1313,Nigeria,Rivers,2026-05-12,1.8,26.0,62.5
1314,Nigeria,Benue,2026-05-12,7.2,31.2,69.7
1315,Nigeria,Oyo,2026-05-12,4.5,30.1,68.3
1316,Ghana,Ashanti,2026-05-12,6.9,26.8,79.4
1317,Ghana,Greater Accra,2026-05-12,14.3,27.4,95.2
1318,Kenya,Nakuru,2026-05-12,5.5,20.9,62.5
1319,Kenya,Kiambu,2026-05-12,7.8,23.6,82.4
1320,Kenya,Kisumu,2026-05-12,11.2,23.8,84.5
1321,Nigeria,Kaduna,2026-05-13,4.2,27.5,57.9
1322,Nigeria,Kano,2026-05-13,7.0,25.2,64.5
1323,Nigeria,Rivers,2026-05-13,2.8,25.7,69.8
1324,Nigeria,Benue,2026-05-13,16.2,31.8,98.0
1325,Nigeria,Oyo,2026-05-13,4.9,30.1,76.3
1326,Ghana,Ashanti,2026-05-13,12.1,24.0,91.2
1327,Ghana,Greater Accra,2026-05-13,3.1,28.7,71.9
1328,Kenya,Nakuru,2026-05-13,4.6,23.8,66.4
1329,Kenya,Kiambu,2026-05-13,2.5,20.6,63.2
1330,Kenya,Kisumu,2026-05-13,4.0,27.1,62.8
1331,Nigeria,Kaduna,2026-05-14,12.7,32.4,81.2
1332,Nigeria,Kano,2026-05-14,1.4,26.1,63.2
1333,Nigeria,Rivers,2026-05-14,7.1,30.1,70.9
1334,Nigeria,Benue,2026-05-14,0.0,26.2,49.0
1335,Nigeria,Oyo,2026-05-14,6.4,27.0,74.9
1336,Ghana,Ashanti,2026-05-14,7.3,31.1,70.0
1337,Ghana,Greater Accra,2026-05-14,0.0,29.8,62.6
1338,Kenya,Nakuru,2026-05-14,7.6,24.3,72.8
1339,Kenya,Kiambu,2026-05-14,0.6,21.4,66.2
1340,Kenya,Kisumu,2026-05-14,11.0,27.6,75.4
1341,Nigeria,Kaduna,2026-05-15,9.1,30.6,72.2
1342,Nigeria,Kano,2026-05-15,9.3,27.6,72.9
1343,Nigeria,Rivers,2026-05-15,8.2,27.1,66.5
1344,Nigeria,Benue,2026-05-15,0.0,32.6,51.6
1345,Nigeria,Oyo,2026-05-15,3.1,28.7,67.5
1346,Ghana,Ashanti,2026-05-15,2.3,31.0,67.5
1347,Ghana,Greater Accra,2026-05-15,6.9,25.5,79.8
1348,Kenya,Nakuru,2026-05-15,6.0,27.9,66.0
1349,Kenya,Kiambu,2026-05-15,0.0,25.8,55.8
1350,Kenya,Kisumu,2026-05-15,3.4,27.5,68.1
1351,Nigeria,Kaduna,2026-05-16,9.4,32.2,75.7
1352,Nigeria,Kano,2026-05-16,4.5,26.7,69.4
1353,Nigeria,Rivers,2026-05-16,1.3,26.3,53.1
1354,Nigeria,Benue,2026-05-16,0.2,26.5,62.5
1355,Nigeria,Oyo,2026-05-16,0.0,31.6,63.2
1356,Ghana,Ashanti,2026-05-16,3.5,26.8,55.3
1357,Ghana,Greater Accra,2026-05-16,0.0,24.5,61.1
1358,Kenya,Nakuru,2026-05-16,3.1,27.7,69.0
1359,Kenya,Kiambu,2026-05-16,4.8,21.6,65.0
1360,Kenya,Kisumu,2026-05-16,11.3,28.0,90.7
1361,Nigeria,Kaduna,2026-05-17,2.7,31.6,58.1
1362,Nigeria,Kano,2026-05-17,9.5,32.2,74.8
1363,Nigeria,Rivers,2026-05-17,5.4,25.3,76.1
1364,Nigeria,Benue,2026-05-17,8.4,30.6,77.7
1365,Nigeria,Oyo,2026-05-17,6.2,32.0,69.2
1366,Ghana,Ashanti,2026-05-17,5.9,28.0,69.9
1367,Ghana,Greater Accra,2026-05-17,8.8,31.9,72.4
1368,Kenya,Nakuru,2026-05-17,6.7,22.0,74.5
1369,Kenya,Kiambu,2026-05-17,3.0,20.4,63.5
1370,Kenya,Kisumu,2026-05-17,7.4,26.6,79.9
1371,Nigeria,Kaduna,2026-05-18,3.3,30.0,62.7
1372,Nigeria,Kano,2026-05-18,0.8,31.3,50.8
1373,Nigeria,Rivers,2026-05-18,1.4,32.3,63.2
1374,Nigeria,Benue,2026-05-18,0.5,27.6,59.7
1375,Nigeria,Oyo,2026-05-18,8.5,32.7,75.9
1376,Ghana,Ashanti,2026-05-18,8.5,26.0,76.2
1377,Ghana,Greater Accra,2026-05-18,0.8,28.6,66.6
1378,Kenya,Nakuru,2026-05-18,8.7,24.2,80.9
1379,Kenya,Kiambu,2026-05-18,10.1,24.8,75.7
1380,Kenya,Kisumu,2026-05-18,0.5,27.9,56.8
1381,Nigeria,Kaduna,2026-05-19,2.8,25.8,68.5
1382,Nigeria,Kano,2026-05-19,0.0,30.4,51.6
1383,Nigeria,Rivers,2026-05-19,5.8,31.9,78.1
1384,Nigeria,Benue,2026-05-19,12.2,29.3,92.5
1385,Nigeria,Oyo,2026-05-19,4.4,26.1,60.8
1386,Ghana,Ashanti,2026-05-19,2.6,28.5,57.0
1387,Ghana,Greater Accra,2026-05-19,0.4,25.9,62.1
1388,Kenya,Nakuru,2026-05-19,6.5,21.2,64.0
1389,Kenya,Kiambu,2026-05-19,1.9,20.2,68.0
1390,Kenya,Kisumu,2026-05-19,1.0,21.3,65.1
1391,Nigeria,Kaduna,2026-05-20,5.6,31.9,76.5
1392,Nigeria,Kano,2026-05-20,7.4,30.7,74.0
1393,Nigeria,Rivers,2026-05-20,5.5,25.4,61.8
1394,Nigeria,Benue,2026-05-20,7.2,26.5,66.7
1395,Nigeria,Oyo,2026-05-20,6.4,29.2,70.1
1396,Ghana,Ashanti,2026-05-20,5.0,27.0,59.4
1397,Ghana,Greater Accra,2026-05-20,12.5,28.8,91.5
1398,Kenya,Nakuru,2026-05-20,6.4,27.4,74.0
1399,Kenya,Kiambu,2026-05-20,4.6,24.4,72.2
1400,Kenya,Kisumu,2026-05-20,3.0,21.5,60.8
1401,Nigeria,Kaduna,2026-05-21,6.2,30.8,77.4
1402,Nigeria,Kano,2026-05-21,5.8,27.3,66.1
1403,Nigeria,Rivers,2026-05-21,5.4,29.7,72.9
1404,Nigeria,Benue,2026-05-21,14.6,31.3,85.5
1405,Nigeria,Oyo,2026-05-21,6.4,29.4,64.2
1406,Ghana,Ashanti,2026-05-21,0.0,26.5,54.4
1407,Ghana,Greater Accra,2026-05-21,8.5,29.4,68.2
1408,Kenya,Nakuru,2026-05-21,4.6,20.0,70.8
1409,Kenya,Kiambu,2026-05-21,9.4,26.0,85.1
1410,Kenya,Kisumu,2026-05-21,4.8,20.0,72.9
1411,Nigeria,Kaduna,2026-05-22,4.4,30.9,63.8
1412,Nigeria,Kano,2026-05-22,8.5,31.7,72.6
1413,Nigeria,Rivers,2026-05-22,6.0,28.5,77.0
1414,Nigeria,Benue,2026-05-22,4.3,28.1,61.7
1415,Nigeria,Oyo,2026-05-22,12.8,28.1,83.0
1416,Ghana,Ashanti,2026-05-22,8.9,30.9,80.2
1417,Ghana,Greater Accra,2026-05-22,2.6,31.5,70.7
1418,Kenya,Nakuru,2026-05-22,0.0,20.0,55.0
1419,Kenya,Kiambu,2026-05-22,3.2,26.5,70.8
1420,Kenya,Kisumu,2026-05-22,8.6,22.2,77.9
1421,Nigeria,Kaduna,2026-05-23,10.3,27.9,80.9
1422,Nigeria,Kano,2026-05-23,6.4,26.6,69.4
1423,Nigeria,Rivers,2026-05-23,6.5,28.0,75.0
1424,Nigeria,Benue,2026-05-23,9.9,29.5,77.0
1425,Nigeria,Oyo,2026-05-23,1.6,25.1,54.9
1426,Ghana,Ashanti,2026-05-23,7.9,27.5,75.1
1427,Ghana,Greater Accra,2026-05-23,9.1,27.8,85.9
1428,Kenya,Nakuru,2026-05-23,1.9,25.3,60.1
1429,Kenya,Kiambu,2026-05-23,2.1,23.0,62.6
1430,Kenya,Kisumu,2026-05-23,2.5,21.4,60.9
1431,Nigeria,Kaduna,2026-05-24,8.9,28.0,79.9
1432,Nigeria,Kano,2026-05-24,7.1,26.9,63.6
1433,Nigeria,Rivers,2026-05-24,8.6,30.6,84.6
1434,Nigeria,Benue,2026-05-24,7.2,28.6,80.9
1435,Nigeria,Oyo,2026-05-24,0.0,32.0,53.8
1436,Ghana,Ashanti,2026-05-24,4.3,26.4,58.3
1437,Ghana,Greater Accra,2026-05-24,9.1,31.8,78.3
1438,Kenya,Nakuru,2026-05-24,0.0,27.5,63.9
1439,Kenya,Kiambu,2026-05-24,5.8,24.1,77.8
1440,Kenya,Kisumu,2026-05-24,1.3,20.9,58.7
1441,Nigeria,Kaduna,2026-05-25,4.6,31.0,66.3
1442,Nigeria,Kano,2026-05-25,6.7,28.1,65.7
1443,Nigeria,Rivers,2026-05-25,9.5,31.4,80.4
1444,Nigeria,Benue,2026-05-25,7.3,26.2,65.3
1445,Nigeria,Oyo,2026-05-25,4.1,26.1,61.1
1446,Ghana,Ashanti,2026-05-25,1.0,25.3,60.3
1447,Ghana,Greater Accra,2026-05-25,0.3,24.6,48.5
1448,Kenya,Nakuru,2026-05-25,5.7,25.7,78.0
1449,Kenya,Kiambu,2026-05-25,9.8,22.9,86.0
1450,Kenya,Kisumu,2026-05-25,0.7,20.8,58.7
1451,Nigeria,Kaduna,2026-05-26,3.4,31.7,55.6
1452,Nigeria,Kano,2026-05-26,1.5,28.5,59.5
1453,Nigeria,Rivers,2026-05-26,10.3,26.0,86.2
1454,Nigeria,Benue,2026-05-26,5.1,29.0,58.7
1455,Nigeria,Oyo,2026-05-26,0.0,25.4,58.4
1456,Ghana,Ashanti,2026-05-26,0.7,25.8,61.4
1457,Ghana,Greater Accra,2026-05-26,3.2,24.4,57.6
1458,Kenya,Nakuru,2026-05-26,7.7,26.6,69.7
1459,Kenya,Kiambu,2026-05-26,13.2,24.0,93.9
1460,Kenya,Kisumu,2026-05-26,0.0,24.9,63.0
1461,Nigeria,Kaduna,2026-05-27,7.4,25.5,72.8
1462,Nigeria,Kano,2026-05-27,2.9,30.2,70.0
1463,Nigeria,Rivers,2026-05-27,2.6,27.1,61.2
1464,Nigeria,Benue,2026-05-27,4.8,25.7,75.8
1465,Nigeria,Oyo,2026-05-27,13.6,29.3,95.0
1466,Ghana,Ashanti,2026-05-27,9.2,30.2,68.3
1467,Ghana,Greater Accra,2026-05-27,11.4,31.5,84.8
1468,Kenya,Nakuru,2026-05-27,7.8,26.0,66.1
1469,Kenya,Kiambu,2026-05-27,7.9,20.0,68.3
1470,Kenya,Kisumu,2026-05-27,7.6,23.7,78.9
1471,Nigeria,Kaduna,2026-05-28,10.8,27.5,79.6
1472,Nigeria,Kano,2026-05-28,4.3,31.0,57.7
1473,Nigeria,Rivers,2026-05-28,0.0,31.9,54.9
1474,Nigeria,Benue,2026-05-28,12.4,31.6,77.9
1475,Nigeria,Oyo,2026-05-28,9.3,31.5,79.0
1476,Ghana,Ashanti,2026-05-28,6.2,29.4,61.4
1477,Ghana,Greater Accra,2026-05-28,0.0,30.6,58.8
1478,Kenya,Nakuru,2026-05-28,5.9,27.0,70.9
1479,Kenya,Kiambu,2026-05-28,2.6,25.6,57.1
1480,Kenya,Kisumu,2026-05-28,10.8,25.2,86.3
1481,Nigeria,Kaduna,2026-05-29,0.9,29.4,52.9
1482,Nigeria,Kano,2026-05-29,4.4,31.9,63.4
1483,Nigeria,Rivers,2026-05-29,2.3,28.8,54.4
1484,Nigeria,Benue,2026-05-29,3.2,31.7,55.9
1485,Nigeria,Oyo,2026-05-29,0.5,32.4,65.7
1486,Ghana,Ashanti,2026-05-29,0.5,25.6,53.7
1487,Ghana,Greater Accra,2026-05-29,2.3,30.2,66.2
1488,Kenya,Nakuru,2026-05-29,4.3,20.3,63.0
1489,Kenya,Kiambu,2026-05-29,8.9,25.3,74.8
1490,Kenya,Kisumu,2026-05-29,10.7,25.5,72.8
1491,Nigeria,Kaduna,2026-05-30,7.2,32.1,77.7
1492,Nigeria,Kano,2026-05-30,3.3,27.9,59.1
1493,Nigeria,Rivers,2026-05-30,5.7,27.7,76.5
1494,Nigeria,Benue,2026-05-30,0.0,28.4,48.1
1495,Nigeria,Oyo,2026-05-30,12.2,28.5,88.5
1496,Ghana,Ashanti,2026-05-30,0.0,27.6,57.6
1497,Ghana,Greater Accra,2026-05-30,6.2,26.0,66.7
1498,Kenya,Nakuru,2026-05-30,11.2,24.3,76.4
1499,Kenya,Kiambu,2026-05-30,4.2,26.4,63.5
1500,Kenya,Kisumu,2026-05-30,7.4,27.9,80.3
1501,Nigeria,Kaduna,2026-05-31,8.3,32.3,75.8
1502,Nigeria,Kano,2026-05-31,4.3,27.6,58.0
1503,Nigeria,Rivers,2026-05-31,8.7,30.6,74.1
1504,Nigeria,Benue,2026-05-31,0.0,28.6,53.0
1505,Nigeria,Oyo,2026-05-31,13.9,26.3,89.2
1506,Ghana,Ashanti,2026-05-31,9.9,29.8,70.0
1507,Ghana,Greater Accra,2026-05-31,14.2,31.2,85.5
1508,Kenya,Nakuru,2026-05-31,7.0,20.3,74.4
1509,Kenya,Kiambu,2026-05-31,4.7,27.9,59.5
1510,Kenya,Kisumu,2026-05-31,5.9,21.9,77.6
1511,Nigeria,Kaduna,2026-06-01,9.5,29.1,75.7
1512,Nigeria,Kano,2026-06-01,4.9,29.8,70.7
1513,Nigeria,Rivers,2026-06-01,9.5,30.6,76.9
1514,Nigeria,Benue,2026-06-01,10.6,28.1,83.8
1515,Nigeria,Oyo,2026-06-01,7.5,28.2,75.4
1516,Ghana,Ashanti,2026-06-01,10.1,31.4,75.9
1517,Ghana,Greater Accra,2026-06-01,7.8,31.5,77.2
1518,Kenya,Nakuru,2026-06-01,3.5,28.0,71.1
1519,Kenya,Kiambu,2026-06-01,3.7,27.2,69.7
1520,Kenya,Kisumu,2026-06-01,2.8,27.2,59.9
1521,Nigeria,Kaduna,2026-06-02,5.6,31.9,73.5
1522,Nigeria,Kano,2026-06-02,4.9,30.6,59.1
1523,Nigeria,Rivers,2026-06-02,3.5,31.9,71.7
1524,Nigeria,Benue,2026-06-02,8.3,32.3,72.3
1525,Nigeria,Oyo,2026-06-02,6.8,29.7,70.6
1526,Ghana,Ashanti,2026-06-02,0.0,31.1,53.1
1527,Ghana,Greater Accra,2026-06-02,3.9,30.7,57.7
1528,Kenya,Nakuru,2026-06-02,5.5,23.5,63.0
1529,Kenya,Kiambu,2026-06-02,8.7,20.4,73.4
1530,Kenya,Kisumu,2026-06-02,8.9,25.9,79.6
1531,Nigeria,Kaduna,2026-06-03,0.0,30.3,61.9
1532,Nigeria,Kano,2026-06-03,0.0,25.4,64.7
1533,Nigeria,Rivers,2026-06-03,3.6,26.7,60.7
1534,Nigeria,Benue,2026-06-03,10.8,30.8,75.6
1535,Nigeria,Oyo,2026-06-03,6.6,27.2,64.5
1536,Ghana,Ashanti,2026-06-03,3.8,24.3,59.6
1537,Ghana,Greater Accra,2026-06-03,10.3,31.8,75.8
1538,Kenya,Nakuru,2026-06-03,6.6,20.6,67.5
1539,Kenya,Kiambu,2026-06-03,3.7,21.8,67.2
1540,Kenya,Kisumu,2026-06-03,3.8,27.0,66.9
1541,Nigeria,Kaduna,2026-06-04,7.3,27.8,77.3
1542,Nigeria,Kano,2026-06-04,9.5,32.3,81.1
1543,Nigeria,Rivers,2026-06-04,4.3,28.1,57.6
1544,Nigeria,Benue,2026-06-04,6.0,28.3,69.6
1545,Nigeria,Oyo,2026-06-04,5.6,25.2,70.2
1546,Ghana,Ashanti,2026-06-04,4.8,31.5,74.3
1547,Ghana,Greater Accra,2026-06-04,3.5,27.1,63.0
1548,Kenya,Nakuru,2026-06-04,4.5,22.1,71.5
1549,Kenya,Kiambu,2026-06-04,15.6,24.0,95.3
1550,Kenya,Kisumu,2026-06-04,0.0,21.0,63.0
1551,Nigeria,Kaduna,2026-06-05,5.5,31.8,65.2
1552,Nigeria,Kano,2026-06-05,7.6,30.6,82.2
1553,Nigeria,Rivers,2026-06-05,5.5,28.1,68.0
1554,Nigeria,Benue,2026-06-05,4.4,31.1,72.3
1555,Nigeria,Oyo,2026-06-05,4.7,26.3,64.2
1556,Ghana,Ashanti,2026-06-05,5.4,24.1,68.4
1557,Ghana,Greater Accra,2026-06-05,8.5,25.0,73.5
1558,Kenya,Nakuru,2026-06-05,4.7,22.3,66.0
1559,Kenya,Kiambu,2026-06-05,4.8,25.0,70.0
1560,Kenya,Kisumu,2026-06-05,10.3,24.6,84.7
1561,Nigeria,Kaduna,2026-06-06,5.6,27.6,61.5
1562,Nigeria,Kano,2026-06-06,7.8,25.1,79.1
1563,Nigeria,Rivers,2026-06-06,0.0,32.1,62.1
1564,Nigeria,Benue,2026-06-06,2.5,25.4,57.2
1565,Nigeria,Oyo,2026-06-06,0.0,29.4,54.5
1566,Ghana,Ashanti,2026-06-06,0.0,26.0,47.3
1567,Ghana,Greater Accra,2026-06-06,6.5,27.1,70.0
1568,Kenya,Nakuru,2026-06-06,3.7,26.4,66.6
1569,Kenya,Kiambu,2026-06-06,13.5,22.7,95.6
1570,Kenya,Kisumu,2026-06-06,5.3,27.3,65.3
1571,Nigeria,Kaduna,2026-06-07,8.7,31.3,76.7
1572,Nigeria,Kano,2026-06-07,1.4,27.6,60.4
1573,Nigeria,Rivers,2026-06-07,6.0,30.9,74.6
1574,Nigeria,Benue,2026-06-07,7.3,27.5,70.8
1575,Nigeria,Oyo,2026-06-07,5.9,28.4,75.1
1576,Ghana,Ashanti,2026-06-07,12.6,25.4,76.2
1577,Ghana,Greater Accra,2026-06-07,3.5,26.8,58.4
1578,Kenya,Nakuru,2026-06-07,0.8,22.0,66.6
1579,Kenya,Kiambu,2026-06-07,9.7,21.0,85.8
1580,Kenya,Kisumu,2026-06-07,1.1,20.9,63.9
1581,Nigeria,Kaduna,2026-06-08,6.6,31.0,62.2
1582,Nigeria,Kano,2026-06-08,2.6,26.5,65.6
1583,Nigeria,Rivers,2026-06-08,7.8,29.9,76.9
1584,Nigeria,Benue,2026-06-08,10.0,25.5,86.4
1585,Nigeria,Oyo,2026-06-08,3.0,29.6,62.6
1586,Ghana,Ashanti,2026-06-08,4.7,24.0,64.4
1587,Ghana,Greater Accra,2026-06-08,6.6,24.9,70.0
1588,Kenya,Nakuru,2026-06-08,6.1,24.3,66.9
1589,Kenya,Kiambu,2026-06-08,0.0,27.0,57.2
1590,Kenya,Kisumu,2026-06-08,3.0,23.7,71.4
1591,Nigeria,Kaduna,2026-06-09,8.0,28.1,74.8
1592,Nigeria,Kano,2026-06-09,10.3,30.7,84.2
1593,Nigeria,Rivers,2026-06-09,6.3,28.8,75.3
1594,Nigeria,Benue,2026-06-09,0.0,30.6,62.4
1595,Nigeria,Oyo,2026-06-09,15.1,29.9,84.6
1596,Ghana,Ashanti,2026-06-09,9.6,31.3,77.6
1597,Ghana,Greater Accra,2026-06-09,7.2,26.7,79.5
1598,Kenya,Nakuru,2026-06-09,9.2,26.9,80.0
1599,Kenya,Kiambu,2026-06-09,7.2,25.8,72.1
1600,Kenya,Kisumu,2026-06-09,4.9,20.0,61.6
1601,Nigeria,Kaduna,2026-06-10,5.8,26.0,76.9
1602,Nigeria,Kano,2026-06-10,8.3,32.8,68.4
1603,Nigeria,Rivers,2026-06-10,6.3,25.7,66.5
1604,Nigeria,Benue,2026-06-10,4.5,32.9,69.2
1605,Nigeria,Oyo,2026-06-10,3.9,31.9,69.5
1606,Ghana,Ashanti,2026-06-10,0.0,24.5,64.5
1607,Ghana,Greater Accra,2026-06-10,10.1,29.7,82.7
1608,Kenya,Nakuru,2026-06-10,3.6,25.4,68.5
1609,Kenya,Kiambu,2026-06-10,4.8,25.1,75.7
1610,Kenya,Kisumu,2026-06-10,2.9,22.2,66.6
1611,Nigeria,Kaduna,2026-06-11,9.6,26.0,77.0
1612,Nigeria,Kano,2026-06-11,11.3,27.9,89.8
1613,Nigeria,Rivers,2026-06-11,4.4,28.0,60.5
1614,Nigeria,Benue,2026-06-11,3.2,32.2,68.1
1615,Nigeria,Oyo,2026-06-11,0.8,32.1,56.3
1616,Ghana,Ashanti,2026-06-11,4.9,27.2,58.4
1617,Ghana,Greater Accra,2026-06-11,6.4,29.7,72.4
1618,Kenya,Nakuru,2026-06-11,4.9,27.5,66.1
1619,Kenya,Kiambu,2026-06-11,1.1,24.7,60.5
1620,Kenya,Kisumu,2026-06-11,6.0,21.8,74.6
1621,Nigeria,Kaduna,2026-06-12,2.7,32.9,54.7
1622,Nigeria,Kano,2026-06-12,0.0,30.5,61.6
1623,Nigeria,Rivers,2026-06-12,6.6,27.4,77.6
1624,Nigeria,Benue,2026-06-12,4.8,25.3,75.0
1625,Nigeria,Oyo,2026-06-12,0.0,26.7,64.0
1626,Ghana,Ashanti,2026-06-12,0.1,24.2,51.6
1627,Ghana,Greater Accra,2026-06-12,9.9,26.2,80.9
1628,Kenya,Nakuru,2026-06-12,3.9,23.1,58.7
1629,Kenya,Kiambu,2026-06-12,12.0,27.5,82.2
1630,Kenya,Kisumu,2026-06-12,8.9,20.1,68.6
1631,Nigeria,Kaduna,2026-06-13,0.0,32.8,54.5
1632,Nigeria,Kano,2026-06-13,9.6,32.8,76.2
1633,Nigeria,Rivers,2026-06-13,12.9,25.3,80.8
1634,Nigeria,Benue,2026-06-13,2.7,28.2,55.9
1635,Nigeria,Oyo,2026-06-13,0.0,27.9,48.1
1636,Ghana,Ashanti,2026-06-13,1.9,28.6,65.4
1637,Ghana,Greater Accra,2026-06-13,5.7,24.3,77.5
1638,Kenya,Nakuru,2026-06-13,1.7,23.1,54.4
1639,Kenya,Kiambu,2026-06-13,2.6,25.7,63.3
1640,Kenya,Kisumu,2026-06-13,11.4,22.8,78.7
1641,Nigeria,Kaduna,2026-06-14,3.1,26.5,69.3
1642,Nigeria,Kano,2026-06-14,3.5,28.1,62.9
1643,Nigeria,Rivers,2026-06-14,5.9,32.7,65.1
1644,Nigeria,Benue,2026-06-14,3.5,31.3,67.1
1645,Nigeria,Oyo,2026-06-14,10.7,32.5,81.7
1646,Ghana,Ashanti,2026-06-14,1.8,26.6,63.3
1647,Ghana,Greater Accra,2026-06-14,8.9,28.1,83.3
1648,Kenya,Nakuru,2026-06-14,7.9,20.3,78.3
1649,Kenya,Kiambu,2026-06-14,10.1,25.5,72.0
1650,Kenya,Kisumu,2026-06-14,3.3,25.0,62.0
1651,Nigeria,Kaduna,2026-06-15,0.9,32.3,61.8
1652,Nigeria,Kano,2026-06-15,0.1,30.3,57.4
1653,Nigeria,Rivers,2026-06-15,2.9,29.5,68.2
1654,Nigeria,Benue,2026-06-15,6.9,32.1,75.9
1655,Nigeria,Oyo,2026-06-15,8.2,28.7,83.0
1656,Ghana,Ashanti,2026-06-15,4.2,31.1,68.7
1657,Ghana,Greater Accra,2026-06-15,3.1,26.0,71.1
1658,Kenya,Nakuru,2026-06-15,7.2,27.6,64.2
1659,Kenya,Kiambu,2026-06-15,4.4,25.7,63.7
1660,Kenya,Kisumu,2026-06-15,3.5,25.3,64.1
1661,Nigeria,Kaduna,2026-06-16,16.0,27.1,98.0
1662,Nigeria,Kano,2026-06-16,7.0,31.2,70.0
1663,Nigeria,Rivers,2026-06-16,2.8,29.0,67.7
1664,Nigeria,Benue,2026-06-16,0.0,28.2,59.8
1665,Nigeria,Oyo,2026-06-16,2.8,30.8,70.3
1666,Ghana,Ashanti,2026-06-16,0.0,31.3,53.0
1667,Ghana,Greater Accra,2026-06-16,8.3,27.5,76.2
1668,Kenya,Nakuru,2026-06-16,14.9,27.9,86.2
1669,Kenya,Kiambu,2026-06-16,0.1,26.2,54.1
1670,Kenya,Kisumu,2026-06-16,9.2,26.5,76.0
1671,Nigeria,Kaduna,2026-06-17,6.7,26.4,67.6
1672,Nigeria,Kano,2026-06-17,3.8,25.2,68.4
1673,Nigeria,Rivers,2026-06-17,8.6,31.7,77.9
1674,Nigeria,Benue,2026-06-17,5.2,32.5,68.1
1675,Nigeria,Oyo,2026-06-17,6.0,28.2,63.4
1676,Ghana,Ashanti,2026-06-17,2.6,30.3,59.8
1677,Ghana,Greater Accra,2026-06-17,2.5,27.6,54.8
1678,Kenya,Nakuru,2026-06-17,7.3,27.4,64.0
1679,Kenya,Kiambu,2026-06-17,7.2,21.9,77.6
1680,Kenya,Kisumu,2026-06-17,2.7,24.7,55.2
1681,Nigeria,Kaduna,2026-06-18,5.9,31.5,61.4
1682,Nigeria,Kano,2026-06-18,6.9,30.3,67.5
1683,Nigeria,Rivers,2026-06-18,2.5,31.3,55.5
1684,Nigeria,Benue,2026-06-18,4.3,28.3,58.9
1685,Nigeria,Oyo,2026-06-18,6.4,26.7,76.3
1686,Ghana,Ashanti,2026-06-18,0.0,27.6,54.4
1687,Ghana,Greater Accra,2026-06-18,2.6,24.8,69.3
1688,Kenya,Nakuru,2026-06-18,1.3,27.2,50.5
1689,Kenya,Kiambu,2026-06-18,1.0,24.0,59.0
1690,Kenya,Kisumu,2026-06-18,0.0,22.9,50.0
1691,Nigeria,Kaduna,2026-06-19,6.5,30.8,69.9
1692,Nigeria,Kano,2026-06-19,4.3,32.3,67.0
1693,Nigeria,Rivers,2026-06-19,3.9,31.5,67.7
1694,Nigeria,Benue,2026-06-19,7.5,30.9,67.4
1695,Nigeria,Oyo,2026-06-19,8.6,28.7,71.7
1696,Ghana,Ashanti,2026-06-19,2.0,29.4,67.5
1697,Ghana,Greater Accra,2026-06-19,3.0,25.6,71.4
1698,Kenya,Nakuru,2026-06-19,5.0,27.0,75.4
1699,Kenya,Kiambu,2026-06-19,2.3,23.3,58.4
1700,Kenya,Kisumu,2026-06-19,0.0,25.9,49.7
1701,Nigeria,Kaduna,2026-06-20,8.7,26.1,74.7
1702,Nigeria,Kano,2026-06-20,2.5,30.5,60.1
1703,Nigeria,Rivers,2026-06-20,5.1,27.2,59.9
1704,Nigeria,Benue,2026-06-20,5.3,31.6,75.9
1705,Nigeria,Oyo,2026-06-20,2.4,26.2,60.5
1706,Ghana,Ashanti,2026-06-20,2.3,28.3,52.7
1707,Ghana,Greater Accra,2026-06-20,8.3,28.2,83.7
1708,Kenya,Nakuru,2026-06-20,3.6,20.3,71.9
1709,Kenya,Kiambu,2026-06-20,0.0,25.8,48.2
1710,Kenya,Kisumu,2026-06-20,5.6,21.5,68.2
1711,Nigeria,Kaduna,2026-06-21,6.5,28.4,72.8
1712,Nigeria,Kano,2026-06-21,2.8,26.8,63.9
1713,Nigeria,Rivers,2026-06-21,6.8,26.7,69.8
1714,Nigeria,Benue,2026-06-21,0.0,31.4,59.5
1715,Nigeria,Oyo,2026-06-21,2.6,25.3,55.2
1716,Ghana,Ashanti,2026-06-21,5.1,27.0,64.9
1717,Ghana,Greater Accra,2026-06-21,3.8,27.1,72.0
1718,Kenya,Nakuru,2026-06-21,0.3,20.2,59.4
1719,Kenya,Kiambu,2026-06-21,0.0,23.9,51.4
1720,Kenya,Kisumu,2026-06-21,2.4,21.0,59.3
1721,Nigeria,Kaduna,2026-06-22,0.0,31.9,59.3
1722,Nigeria,Kano,2026-06-22,0.0,32.3,49.7
1723,Nigeria,Rivers,2026-06-22,8.6,31.5,70.8
1724,Nigeria,Benue,2026-06-22,10.0,29.9,86.1
1725,Nigeria,Oyo,2026-06-22,3.0,27.3,69.3
1726,Ghana,Ashanti,2026-06-22,3.5,29.5,70.0
1727,Ghana,Greater Accra,2026-06-22,5.6,26.8,62.1
1728,Kenya,Nakuru,2026-06-22,2.2,23.4,53.7
1729,Kenya,Kiambu,2026-06-22,4.4,23.2,73.4
1730,Kenya,Kisumu,2026-06-22,5.9,24.4,68.7
1731,Nigeria,Kaduna,2026-06-23,1.0,29.0,66.7
1732,Nigeria,Kano,2026-06-23,4.7,31.1,72.4
1733,Nigeria,Rivers,2026-06-23,6.3,25.3,61.7
1734,Nigeria,Benue,2026-06-23,2.7,26.0,60.2
1735,Nigeria,Oyo,2026-06-23,0.3,31.6,57.6
1736,Ghana,Ashanti,2026-06-23,11.1,31.1,82.6
1737,Ghana,Greater Accra,2026-06-23,0.0,29.6,64.3
1738,Kenya,Nakuru,2026-06-23,1.2,23.9,64.1
1739,Kenya,Kiambu,2026-06-23,0.0,26.1,56.6
1740,Kenya,Kisumu,2026-06-23,0.0,22.1,54.2
1741,Nigeria,Kaduna,2026-06-24,6.3,27.1,64.2
1742,Nigeria,Kano,2026-06-24,9.1,32.8,85.3
1743,Nigeria,Rivers,2026-06-24,16.3,26.1,87.4
1744,Nigeria,Benue,2026-06-24,3.7,30.7,55.9
1745,Nigeria,Oyo,2026-06-24,9.3,27.0,71.2
1746,Ghana,Ashanti,2026-06-24,8.4,28.5,78.3
1747,Ghana,Greater Accra,2026-06-24,4.9,30.5,76.0
1748,Kenya,Nakuru,2026-06-24,2.7,25.1,56.5
1749,Kenya,Kiambu,2026-06-24,4.6,20.5,60.9
1750,Kenya,Kisumu,2026-06-24,1.3,27.1,67.8
1751,Nigeria,Kaduna,2026-06-25,3.0,25.4,60.9
1752,Nigeria,Kano,2026-06-25,8.3,31.7,77.5
1753,Nigeria,Rivers,2026-06-25,3.6,27.0,70.7
1754,Nigeria,Benue,2026-06-25,0.0,25.9,48.0
1755,Nigeria,Oyo,2026-06-25,0.0,27.2,61.9
1756,Ghana,Ashanti,2026-06-25,9.3,24.1,80.4
1757,Ghana,Greater Accra,2026-06-25,5.7,26.4,62.2
1758,Kenya,Nakuru,2026-06-25,10.1,24.5,72.8
1759,Kenya,Kiambu,2026-06-25,6.2,26.2,64.4
1760,Kenya,Kisumu,2026-06-25,4.0,25.3,65.4
1761,Nigeria,Kaduna,2026-06-26,4.1,29.6,69.3
1762,Nigeria,Kano,2026-06-26,8.9,30.3,74.5
1763,Nigeria,Rivers,2026-06-26,3.7,28.8,62.1
1764,Nigeria,Benue,2026-06-26,8.0,27.0,66.6
1765,Nigeria,Oyo,2026-06-26,7.6,25.5,66.0
1766,Ghana,Ashanti,2026-06-26,10.0,31.8,74.8
1767,Ghana,Greater Accra,2026-06-26,11.0,29.4,78.3
1768,Kenya,Nakuru,2026-06-26,8.2,22.2,76.1
1769,Kenya,Kiambu,2026-06-26,2.5,23.0,70.5
1770,Kenya,Kisumu,2026-06-26,0.4,24.7,56.0
1771,Nigeria,Kaduna,2026-06-27,0.0,25.5,61.5
1772,Nigeria,Kano,2026-06-27,5.2,31.5,59.2
1773,Nigeria,Rivers,2026-06-27,10.4,30.3,72.1
1774,Nigeria,Benue,2026-06-27,14.6,31.9,89.4
1775,Nigeria,Oyo,2026-06-27,8.9,26.2,68.7
1776,Ghana,Ashanti,2026-06-27,9.4,25.6,73.1
1777,Ghana,Greater Accra,2026-06-27,3.2,29.0,62.6
1778,Kenya,Nakuru,2026-06-27,0.0,24.5,55.2
1779,Kenya,Kiambu,2026-06-27,14.7,23.8,82.1
1780,Kenya,Kisumu,2026-06-27,7.3,23.4,79.8
1781,Nigeria,Kaduna,2026-06-28,5.8,32.9,63.8
1782,Nigeria,Kano,2026-06-28,12.1,28.5,81.8
1783,Nigeria,Rivers,2026-06-28,5.4,27.7,69.8
1784,Nigeria,Benue,2026-06-28,0.6,29.2,59.5
1785,Nigeria,Oyo,2026-06-28,2.5,26.9,64.3
1786,Ghana,Ashanti,2026-06-28,1.6,25.7,62.1
1787,Ghana,Greater Accra,2026-06-28,0.0,29.5,50.7
1788,Kenya,Nakuru,2026-06-28,1.1,24.8,60.9
1789,Kenya,Kiambu,2026-06-28,2.5,20.2,61.9
1790,Kenya,Kisumu,2026-06-28,7.3,25.8,74.2
1791,Nigeria,Kaduna,2026-06-29,3.5,26.2,57.9
1792,Nigeria,Kano,2026-06-29,7.5,29.7,70.6
1793,Nigeria,Rivers,2026-06-29,8.7,31.5,71.8
1794,Nigeria,Benue,2026-06-29,5.5,27.3,71.3
1795,Nigeria,Oyo,2026-06-29,6.0,25.1,61.7
1796,Ghana,Ashanti,2026-06-29,1.9,25.1,68.8
1797,Ghana,Greater Accra,2026-06-29,1.7,28.4,64.6
1798,Kenya,Nakuru,2026-06-29,5.8,24.0,65.6
1799,Kenya,Kiambu,2026-06-29,0.9,22.5,65.9
1800,Kenya,Kisumu,2026-06-29,6.4,23.4,65.4
